nodeLabel,x,y,U1,U2
1,-0.361066,0.146585,3.061654,-0.892692
2,-0.344068,0.050927,2.400723,0.150783
3,-0.321354,0.007440,2.461991,0.607800
4,-0.260649,-0.069536,3.215595,1.602800
5,-0.187000,-0.134364,4.490071,2.564573
6,-0.104716,-0.187852,6.230584,3.500848
7,-0.015950,-0.229713,8.371045,4.347439
8,0.077920,-0.258267,10.938352,5.035804
9,0.175316,-0.269421,13.911104,5.455726
10,0.224249,-0.265873,15.474082,5.430130
11,0.314551,-0.230028,19.128630,5.232479
12,0.346462,-0.193130,20.601957,4.666003
13,0.361066,-0.146585,21.882591,4.175277
14,0.358668,-0.097721,22.496185,3.439011
15,0.344068,-0.050927,22.702976,2.738913
16,0.321354,-0.007440,22.556952,2.133111
17,0.225097,0.103394,20.875612,0.339432
18,0.187000,0.134364,20.011930,-0.160914
19,0.104716,0.187852,17.982601,-1.053125
20,0.015950,0.229713,15.619678,-1.752090
21,-0.030426,0.245832,14.308949,-2.034277
22,-0.175316,0.269421,9.922436,-2.339884
23,-0.224249,0.265873,8.445089,-2.306756
24,-0.271728,0.253685,6.885456,-2.072442
25,-0.314551,0.230028,5.403042,-1.820585
26,-0.346462,0.193130,3.910303,-1.395755
27,0.900000,-1.000000,20.151758,4.689193
28,0.800000,-1.000000,19.168377,5.218037
29,0.700000,-1.000000,18.216120,5.739107
30,0.600000,-1.000000,17.301838,6.233667
31,0.500000,-1.000000,16.435297,6.673287
32,0.400000,-1.000000,15.626843,7.019043
33,0.300000,-1.000000,14.869113,7.225994
34,0.200000,-1.000000,14.140661,7.254624
35,0.100000,-1.000000,13.404986,7.086900
36,0.000000,-1.000000,12.619941,6.729214
37,-0.100000,-1.000000,11.750648,6.213802
38,-0.200000,-1.000000,10.780120,5.593222
39,-0.300000,-1.000000,9.704618,4.918899
40,-0.400000,-1.000000,8.532767,4.237063
41,-0.500000,-1.000000,7.286857,3.580019
42,-0.600000,-1.000000,5.989154,2.960367
43,-0.700000,-1.000000,4.652710,2.372111
44,-0.800000,-1.000000,3.277181,1.781457
45,-0.900000,-1.000000,1.824507,1.103686
46,1.000000,-1.000000,21.149586,4.169586
47,-1.000000,-1.000000,0.000000,0.000000
48,1.000000,0.900000,21.306017,2.298094
49,1.000000,0.800000,21.991951,2.598022
50,1.000000,0.700000,22.702900,2.881062
51,1.000000,0.600000,23.436258,3.128267
52,1.000000,0.500000,24.183630,3.316390
53,1.000000,0.400000,24.917698,3.415836
54,1.000000,0.300000,25.589108,3.402088
55,1.000000,0.200000,26.130457,3.267637
56,1.000000,0.100000,26.473852,3.030367
57,1.000000,0.000000,26.561916,2.737587
58,1.000000,-0.100000,26.368332,2.459130
59,1.000000,-0.200000,25.924431,2.268747
60,1.000000,-0.300000,25.304890,2.219649
61,1.000000,-0.400000,24.603529,2.324744
62,1.000000,-0.500000,23.906191,2.558915
63,1.000000,-0.600000,23.264168,2.873528
64,1.000000,-0.700000,22.691097,3.218008
65,1.000000,-0.800000,22.167572,3.555285
66,1.000000,-0.900000,21.662207,3.869317
67,1.000000,1.000000,20.635294,1.996845
68,-0.900000,1.000000,1.762240,-1.127751
69,-0.800000,1.000000,3.108864,-1.831569
70,-0.700000,1.000000,4.348972,-2.412572
71,-0.600000,1.000000,5.513316,-2.932671
72,-0.500000,1.000000,6.598926,-3.407321
73,-0.400000,1.000000,7.594212,-3.813318
74,-0.300000,1.000000,8.499062,-4.110843
75,-0.200000,1.000000,9.327900,-4.254804
76,-0.100000,1.000000,10.114689,-4.219148
77,0.000000,1.000000,10.900006,-3.998852
78,0.100000,1.000000,11.720562,-3.609696
79,0.200000,1.000000,12.598778,-3.094249
80,0.300000,1.000000,13.539751,-2.499788
81,0.400000,1.000000,14.533225,-1.867968
82,0.500000,1.000000,15.559442,-1.227833
83,0.600000,1.000000,16.596294,-0.593295
84,0.700000,1.000000,17.624702,0.037638
85,0.800000,1.000000,18.636822,0.675281
86,0.900000,1.000000,19.636675,1.329487
87,-1.000000,1.000000,0.000000,-0.000000
88,-1.000000,-0.900000,0.000000,0.000000
89,-1.000000,-0.800000,0.000000,0.000000
90,-1.000000,-0.700000,0.000000,0.000000
91,-1.000000,-0.600000,0.000000,0.000000
92,-1.000000,-0.500000,0.000000,0.000000
93,-1.000000,-0.400000,0.000000,-0.000000
94,-1.000000,-0.300000,0.000000,-0.000000
95,-1.000000,-0.200000,0.000000,-0.000000
96,-1.000000,-0.100000,0.000000,-0.000000
97,-1.000000,0.000000,0.000000,0.000000
98,-1.000000,0.100000,0.000000,0.000000
99,-1.000000,0.200000,0.000000,0.000000
100,-1.000000,0.300000,0.000000,0.000000
101,-1.000000,0.400000,0.000000,0.000000
102,-1.000000,0.500000,0.000000,-0.000000
103,-1.000000,0.600000,0.000000,-0.000000
104,-1.000000,0.700000,0.000000,-0.000000
105,-1.000000,0.800000,0.000000,-0.000000
106,-1.000000,0.900000,0.000000,-0.000000
107,0.253750,-0.373929,15.266418,5.878695
108,-0.355113,0.262692,5.746917,-1.303161
109,-0.479614,0.261399,4.166718,-0.402954
110,-0.586440,0.254387,3.100686,-0.117431
111,-0.695496,0.255867,2.217356,0.009480
112,-0.803525,0.261615,1.415614,0.067231
113,-0.900923,0.254681,0.695368,0.079566
114,-0.895224,0.152441,0.637252,0.090725
115,-0.803834,0.183314,1.238852,0.109964
116,-0.689040,0.136364,1.798409,0.105744
117,-0.578225,0.155938,2.455082,0.053184
118,-0.481410,0.166092,3.008795,-0.092309
119,0.910371,0.350178,24.440386,2.911267
120,0.680538,0.383428,21.910713,1.961285
121,0.603544,0.346450,21.388248,1.831019
122,0.472492,0.370369,19.677816,1.186379
123,0.332759,0.361764,18.004847,0.379797
124,0.280449,0.368806,17.247906,-0.051647
125,0.185863,0.375763,15.872721,-0.889484
126,-0.023502,0.411958,12.466801,-2.609401
127,-0.169505,0.384149,10.143480,-2.922907
128,-0.260425,0.345598,8.462397,-2.532401
129,-0.378751,0.365248,6.665998,-1.635840
130,-0.485003,0.355794,5.046333,-0.874046
131,-0.584595,0.350110,3.780531,-0.457200
132,-0.710164,0.367684,2.545755,-0.217059
133,-0.804887,0.356059,1.620734,-0.046040
134,-0.902356,0.352832,0.782564,0.028164
135,0.082305,0.252554,16.169720,-1.338511
136,0.153059,0.270006,16.817389,-0.731131
137,0.277355,0.261516,18.486361,0.513103
138,0.386085,0.278113,19.576479,1.231842
139,0.481765,0.258978,20.864510,1.815205
140,0.557914,0.267387,21.586977,2.022738
141,0.657446,0.250071,22.718563,2.323220
142,0.783005,0.270600,23.779772,2.548836
143,0.900794,0.254413,24.973526,2.913116
144,0.274047,0.174045,19.797722,0.860209
145,0.384390,0.180654,20.711687,1.776286
146,0.491643,0.158778,21.936331,2.329610
147,0.585503,0.141713,22.836504,2.536507
148,0.687479,0.128154,23.737341,2.646821
149,0.805449,0.127320,24.728106,2.750684
150,0.895097,0.153489,25.416019,2.881366
151,0.383515,0.053572,22.198484,2.406742
152,0.478946,0.064901,22.593733,2.674535
153,0.614185,0.059110,23.446676,2.734523
154,0.692456,0.065763,23.978529,2.736449
155,0.805278,0.047883,24.913885,2.781828
156,0.899789,0.049777,25.710827,2.820687
157,0.491237,-0.021918,22.977097,2.889852
158,0.573797,-0.010947,23.315390,2.839146
159,0.708988,-0.045691,24.123543,2.838215
160,0.801148,-0.047378,24.829826,2.805151
161,0.899520,-0.050291,25.653076,2.735885
162,0.482750,-0.158975,22.000599,3.169952
163,0.567304,-0.169395,22.442112,3.064143
164,0.686469,-0.146228,23.507698,2.954599
165,0.789496,-0.145821,24.369070,2.865924
166,0.896823,-0.150625,25.277525,2.690820
167,0.362493,-0.260540,18.614376,4.471997
168,0.469755,-0.232620,20.756727,3.494632
169,0.586753,-0.257237,21.614019,3.336171
170,0.782525,-0.254252,23.597189,3.020843
171,0.896040,-0.250569,24.686104,2.718659
172,-0.916691,-0.338799,0.606944,-0.003482
173,-0.779154,-0.391073,1.778147,0.217468
174,-0.673474,-0.343626,2.545952,0.367077
175,-0.608578,-0.377783,3.269636,0.642088
176,-0.487519,-0.390643,4.567360,1.186558
177,-0.350525,-0.375344,6.026548,1.927113
178,-0.276501,-0.351049,6.728281,2.369401
179,-0.172600,-0.357077,8.125303,3.335732
180,-0.064427,-0.357550,9.654934,4.359780
181,0.046953,-0.398542,11.722742,5.428502
182,0.161162,-0.362261,13.649425,5.924125
183,0.361367,-0.366945,17.120522,5.145902
184,0.470448,-0.389075,18.617290,4.481420
185,0.586551,-0.393080,20.221992,4.004341
186,0.684222,-0.377496,21.526648,3.614699
187,0.800879,-0.358537,22.958906,3.204926
188,0.900222,-0.349614,24.018337,2.816041
189,-0.078795,-0.251905,7.935763,3.852588
190,-0.147302,-0.270695,7.379555,3.220845
191,-0.266024,-0.248215,5.748246,1.965604
192,-0.378935,-0.260420,4.749695,1.186306
193,-0.503249,-0.286723,3.773383,0.706698
194,-0.672065,-0.274942,2.303263,0.233960
195,-0.805592,-0.290367,1.358865,0.061995
196,-0.913791,-0.244692,0.558214,-0.023395
197,-0.277964,-0.161797,4.494807,1.552478
198,-0.346986,-0.165083,4.056117,0.984410
199,-0.473933,-0.173210,3.218110,0.413587
200,-0.581248,-0.148002,2.396060,0.160894
201,-0.690161,-0.131406,1.735297,0.068044
202,-0.806851,-0.158261,1.125581,0.009724
203,-0.907149,-0.149806,0.540865,-0.017032
204,-0.373340,-0.046566,2.743193,0.391616
205,-0.467471,-0.064632,2.546714,0.146963
206,-0.618496,-0.048191,1.898467,0.069972
207,-0.804686,-0.056704,1.036782,0.034530
208,-0.902626,-0.051305,0.530753,0.014394
209,-0.480722,0.077265,2.298643,-0.025130
210,-0.568741,0.038053,2.034693,0.064810
211,-0.683640,0.029897,1.600904,0.086644
212,-0.796817,0.042201,1.082501,0.084237
213,-0.898904,0.049300,0.556851,0.058514
214,0.897940,-0.897118,20.657091,4.391782
215,0.797080,-0.891827,19.683573,4.914845
216,0.685888,-0.876548,18.658884,5.456313
217,0.584576,-0.906107,17.556751,6.047567
218,0.490716,-0.913181,16.657492,6.482669
219,0.349478,-0.909342,15.392562,6.924216
220,0.252868,-0.903908,14.548337,7.036709
221,0.151511,-0.898098,13.649497,6.954329
222,0.048535,-0.901487,12.721015,6.677456
223,-0.051288,-0.900982,11.768330,6.211395
224,-0.151399,-0.900150,10.748846,5.607186
225,-0.251658,-0.900690,9.664900,4.926127
226,-0.349799,-0.901545,8.543580,4.235548
227,-0.502058,-0.891152,6.633180,3.152449
228,-0.603332,-0.898341,5.382816,2.540956
229,-0.701277,-0.903143,4.118651,1.973690
230,-0.798819,-0.900640,2.772360,1.377547
231,-0.898450,-0.898521,1.327701,0.698030
232,0.899216,-0.798160,21.163555,4.079132
233,0.799234,-0.775277,20.265162,4.544307
234,0.669620,-0.793891,18.848280,5.281004
235,0.589230,-0.776278,18.081377,5.624923
236,0.483135,-0.785494,16.938198,6.140388
237,0.355276,-0.813429,15.579943,6.654822
238,0.262640,-0.808041,14.670074,6.788810
239,0.128453,-0.803640,13.341095,6.668092
240,0.047861,-0.807031,12.527776,6.422401
241,-0.048206,-0.798326,11.504843,5.928878
242,-0.150797,-0.796840,10.375446,5.278008
243,-0.253023,-0.797584,9.204677,4.552341
244,-0.357068,-0.796325,7.962113,3.790528
245,-0.465770,-0.777897,6.554111,2.954251
246,-0.574952,-0.790861,5.249798,2.308145
247,-0.701923,-0.813004,3.723621,1.631445
248,-0.787493,-0.795439,2.562026,1.082569
249,-0.896461,-0.797265,1.195145,0.486512
250,0.879961,-0.695322,21.499632,3.856960
251,0.791435,-0.687856,20.626492,4.302580
252,0.651517,-0.716333,18.996471,5.112018
253,0.584644,-0.683965,18.392921,5.323210
254,0.502035,-0.686685,17.443977,5.723135
255,0.367175,-0.700135,15.875814,6.305710
256,0.275174,-0.676271,14.884906,6.449803
257,0.174720,-0.709160,13.768887,6.530939
258,0.046136,-0.662443,12.317526,6.046764
259,-0.033690,-0.679115,11.420979,5.668442
260,-0.151009,-0.696156,10.073906,4.929320
261,-0.252793,-0.688683,8.813572,4.135357
262,-0.346943,-0.697934,7.691339,3.465441
263,-0.444754,-0.674179,6.390905,2.674683
264,-0.538557,-0.667124,5.211759,2.042870
265,-0.666399,-0.686517,3.734191,1.387537
266,-0.750200,-0.694393,2.761452,0.982918
267,-0.844082,-0.695744,1.680142,0.549375
268,0.900206,-0.594303,22.290243,3.428673
269,0.806743,-0.538909,21.680548,3.729021
270,0.697165,-0.592703,20.126591,4.432190
271,0.593247,-0.571331,19.033070,4.826563
272,0.475446,-0.575740,17.526398,5.417764
273,0.374906,-0.579011,16.231195,5.904179
274,0.221109,-0.567415,14.345880,6.269133
275,0.130402,-0.549793,13.231044,6.137819
276,0.035295,-0.586197,12.068901,5.814246
277,-0.076067,-0.561101,10.628959,5.015985
278,-0.153621,-0.562156,9.628966,4.405891
279,-0.266975,-0.565572,8.172485,3.500126
280,-0.369594,-0.567641,6.879399,2.728246
281,-0.471351,-0.575610,5.660238,2.076059
282,-0.588416,-0.586246,4.311635,1.442078
283,-0.695091,-0.617193,3.186376,1.017411
284,-0.806726,-0.560878,1.851242,0.432126
285,-0.879905,-0.579586,1.141530,0.237684
286,0.903214,-0.497662,22.954954,3.132009
287,0.813671,-0.447526,22.404041,3.412021
288,0.687886,-0.453855,20.948425,3.911051
289,0.589556,-0.503325,19.385496,4.537799
290,0.454306,-0.470522,17.774143,5.043036
291,0.364703,-0.473275,16.461460,5.589404
292,0.251236,-0.467886,14.877560,6.055340
293,0.146048,-0.458079,13.411974,6.043186
294,0.037417,-0.499921,11.935173,5.626955
295,-0.058174,-0.452338,10.445612,4.789189
296,-0.180463,-0.460592,8.782405,3.740577
297,-0.278857,-0.465703,7.515981,2.928581
298,-0.380393,-0.472892,6.276696,2.202357
299,-0.484056,-0.481038,5.083371,1.590449
300,-0.584787,-0.481814,3.956718,1.081242
301,-0.679388,-0.492560,2.991033,0.721606
302,-0.809210,-0.482084,1.689548,0.288594
303,-0.906095,-0.478012,0.801723,0.083948
304,0.870423,0.476562,23.114725,2.533288
305,0.783966,0.452898,22.434006,2.163555
306,0.692986,0.450522,21.502058,1.783326
307,0.610380,0.484536,20.316198,1.294482
308,0.455391,0.459780,18.686155,0.624553
309,0.383952,0.467884,17.713844,0.142788
310,0.283149,0.468148,16.389208,-0.566849
311,0.177837,0.461206,15.018834,-1.348933
312,0.061524,0.478989,13.295714,-2.283460
313,-0.030026,0.506502,11.925556,-2.851089
314,-0.151086,0.496712,10.320927,-3.110289
315,-0.272289,0.488092,8.670408,-2.794504
316,-0.363116,0.481565,7.404989,-2.272282
317,-0.490022,0.492080,5.676299,-1.561546
318,-0.603471,0.462269,4.096589,-0.870361
319,-0.681117,0.459652,3.167669,-0.578292
320,-0.807970,0.451494,1.790377,-0.219334
321,-0.900612,0.502235,0.927722,-0.120620
322,0.883504,0.580266,22.444065,2.388592
323,0.812090,0.567188,21.827396,2.011215
324,0.695076,0.582047,20.486610,1.350228
325,0.607565,0.578012,19.550884,0.905491
326,0.501151,0.573680,18.350126,0.334766
327,0.384657,0.578300,16.903242,-0.407857
328,0.260874,0.586158,15.299860,-1.293482
329,0.192821,0.552706,14.622375,-1.634487
330,0.052742,0.576112,12.721978,-2.626337
331,-0.030304,0.556532,11.744516,-2.962600
332,-0.184023,0.587810,9.771563,-3.241968
333,-0.250069,0.576096,8.967397,-3.082264
334,-0.350449,0.578025,7.689345,-2.680103
335,-0.451137,0.557489,6.343517,-2.066652
336,-0.568207,0.570665,4.839793,-1.502598
337,-0.682936,0.566544,3.398784,-0.949468
338,-0.797087,0.551756,2.068285,-0.479176
339,-0.900054,0.601194,0.998438,-0.246316
340,0.871151,0.691518,21.483263,2.032784
341,0.785138,0.675580,20.727066,1.555747
342,0.706040,0.645967,20.119293,1.195354
343,0.597884,0.697180,18.571941,0.397189
344,0.444333,0.704192,16.795067,-0.570260
345,0.349898,0.709765,15.671318,-1.207451
346,0.255248,0.705064,14.599444,-1.814760
347,0.156727,0.709163,13.445269,-2.450796
348,0.021162,0.670594,12.016694,-3.038535
349,-0.017663,0.659797,11.596155,-3.161832
350,-0.179442,0.691152,9.692418,-3.467674
351,-0.280558,0.695551,8.533331,-3.296214
352,-0.345238,0.678778,7.771173,-3.021739
353,-0.442078,0.681869,6.588747,-2.595167
354,-0.586300,0.680645,4.797171,-1.851319
355,-0.687429,0.681032,3.550138,-1.341530
356,-0.797766,0.697769,2.221234,-0.840184
357,-0.901761,0.699058,1.034381,-0.371163
358,0.891007,0.798573,20.912329,1.864442
359,0.775892,0.804384,19.705067,1.112443
360,0.690389,0.796182,18.875452,0.612586
361,0.542548,0.805649,17.237101,-0.326744
362,0.448465,0.806451,16.211214,-0.928157
363,0.351231,0.804116,15.166081,-1.551270
364,0.254189,0.804470,14.111063,-2.176866
365,0.157103,0.805827,13.065845,-2.763407
366,0.060397,0.806800,12.046772,-3.253945
367,-0.035165,0.798719,11.076040,-3.573445
368,-0.125593,0.776621,10.170313,-3.669460
369,-0.266959,0.814974,8.650065,-3.665164
370,-0.354079,0.779336,7.686411,-3.305157
371,-0.447215,0.778269,6.615722,-2.915913
372,-0.569913,0.809020,5.213785,-2.418900
373,-0.682138,0.792850,3.805735,-1.757843
374,-0.812951,0.796650,2.172162,-1.028156
375,-0.902197,0.798590,1.092040,-0.516604
376,0.897068,0.898109,20.287916,1.614230
377,0.798039,0.899952,19.276455,0.964442
378,0.695633,0.881464,18.351574,0.375974
379,0.594621,0.900082,17.178562,-0.313382
380,0.497668,0.901743,16.153706,-0.933532
381,0.350724,0.901784,14.622321,-1.880186
382,0.252317,0.901780,13.620268,-2.500988
383,0.153350,0.901760,12.640801,-3.073751
384,0.053496,0.901003,11.685443,-3.548835
385,-0.047895,0.897235,10.743474,-3.866971
386,-0.151264,0.893014,9.779340,-3.987198
387,-0.253371,0.905051,8.804695,-3.947179
388,-0.349291,0.912406,7.870627,-3.731936
389,-0.475440,0.869082,6.451550,-3.099899
390,-0.581348,0.882997,5.263147,-2.624693
391,-0.694549,0.874032,3.866806,-1.980635
392,-0.801851,0.893766,2.563895,-1.411638
393,-0.900421,0.898706,1.235419,-0.732143
394,-0.358668,0.097721,2.503527,-0.370913
395,-0.293046,-0.032654,2.769114,1.139719
396,-0.225097,-0.103394,3.794213,2.096173
397,-0.146773,-0.162516,5.301713,3.039435
398,-0.061049,-0.210302,7.243140,3.923757
399,0.030426,-0.245832,9.587093,4.695317
400,0.126327,-0.266428,12.338943,5.244117
401,0.271728,-0.253685,17.179873,5.482193
402,0.293046,0.032654,22.197563,1.456644
403,0.260649,0.069536,21.578072,0.900879
404,0.146773,0.162516,19.045372,-0.641588
405,0.061049,0.210302,16.831068,-1.440296
406,-0.077920,0.258267,12.982141,-2.225863
407,-0.126327,0.266428,11.448205,-2.393460
408,0.950000,-1.000000,20.659521,4.434238
409,0.850000,-1.000000,19.664562,4.959197
410,0.750000,-1.000000,18.693550,5.487659
411,0.650000,-1.000000,17.754440,5.998507
412,0.550000,-1.000000,16.858999,6.468138
413,0.450000,-1.000000,16.019749,6.864739
414,0.350000,-1.000000,15.238421,7.144225
415,0.250000,-1.000000,14.500956,7.264557
416,0.150000,-1.000000,13.775910,7.195328
417,0.050000,-1.000000,13.022846,6.930812
418,-0.050000,-1.000000,12.201063,6.490492
419,-0.150000,-1.000000,11.281922,5.918429
420,-0.250000,-1.000000,10.257075,5.266075
421,-0.350000,-1.000000,9.130858,4.583434
422,-0.450000,-1.000000,7.918886,3.913352
423,-0.550000,-1.000000,6.644303,3.277865
424,-0.650000,-1.000000,5.328195,2.679281
425,-0.750000,-1.000000,3.984595,2.101245
426,-0.850000,-1.000000,2.611201,1.498215
427,-0.950000,-1.000000,1.157353,0.762277
428,1.000000,0.950000,20.969767,2.146819
429,1.000000,0.850000,21.645895,2.448901
430,1.000000,0.750000,22.344141,2.742195
431,1.000000,0.650000,23.067968,3.008990
432,1.000000,0.550000,23.811167,3.231526
433,1.000000,0.450000,24.556719,3.380095
434,1.000000,0.350000,25.266817,3.425237
435,1.000000,0.250000,25.882444,3.349721
436,1.000000,0.150000,26.334002,3.159794
437,1.000000,0.050000,26.556461,2.887906
438,1.000000,-0.050000,26.504347,2.592283
439,1.000000,-0.150000,26.179819,2.349566
440,1.000000,-0.250000,25.637363,2.225071
441,1.000000,-0.350000,24.966413,2.252643
442,1.000000,-0.450000,24.259573,2.427463
443,1.000000,-0.550000,23.586603,2.709080
444,1.000000,-0.650000,22.980106,3.045692
445,1.000000,-0.750000,22.435209,3.390837
446,1.000000,-0.850000,21.925127,3.718353
447,1.000000,-0.950000,21.417305,4.025029
448,-0.950000,1.000000,1.140903,-0.772824
449,-0.850000,1.000000,2.522118,-1.544950
450,-0.750000,1.000000,3.775949,-2.150989
451,-0.650000,1.000000,4.958484,-2.688382
452,-0.550000,1.000000,6.079094,-3.182320
453,-0.450000,1.000000,7.117232,-3.623760
454,-0.350000,1.000000,8.063302,-3.978875
455,-0.250000,1.000000,8.924617,-4.204350
456,-0.150000,1.000000,9.727589,-4.260214
457,-0.050000,1.000000,10.508834,-4.130913
458,0.050000,1.000000,11.306182,-3.821849
459,0.150000,1.000000,12.153052,-3.363671
460,0.250000,1.000000,13.062299,-2.802716
461,0.350000,1.000000,14.030612,-2.185013
462,0.450000,1.000000,15.042489,-1.546720
463,0.550000,1.000000,16.076475,-0.909059
464,0.650000,1.000000,17.110752,-0.277877
465,0.750000,1.000000,18.131844,0.354422
466,0.850000,1.000000,19.137238,0.999653
467,0.950000,1.000000,20.135391,1.662131
468,-1.000000,-0.950000,0.000000,0.000000
469,-1.000000,-0.850000,0.000000,0.000000
470,-1.000000,-0.750000,0.000000,0.000000
471,-1.000000,-0.650000,0.000000,0.000000
472,-1.000000,-0.550000,0.000000,0.000000
473,-1.000000,-0.450000,0.000000,0.000000
474,-1.000000,-0.350000,0.000000,-0.000000
475,-1.000000,-0.250000,0.000000,-0.000000
476,-1.000000,-0.150000,0.000000,-0.000000
477,-1.000000,-0.050000,0.000000,0.000000
478,-1.000000,0.050000,0.000000,0.000000
479,-1.000000,0.150000,0.000000,0.000000
480,-1.000000,0.250000,0.000000,0.000000
481,-1.000000,0.350000,0.000000,0.000000
482,-1.000000,0.450000,0.000000,-0.000000
483,-1.000000,0.550000,0.000000,-0.000000
484,-1.000000,0.650000,0.000000,-0.000000
485,-1.000000,0.750000,0.000000,-0.000000
486,-1.000000,0.850000,0.000000,-0.000000
487,-1.000000,0.950000,0.000000,-0.000000
488,-0.395157,0.153273,3.013505,-0.469306
489,0.402272,-0.156388,21.779581,3.507029
490,0.414774,-0.099407,22.629229,3.247841
491,-0.293842,0.289328,7.210824,-2.126078
492,-0.403570,0.097953,2.475713,-0.223130
493,-0.389457,0.044085,2.295043,-0.035502
494,-0.240334,0.304750,8.483904,-2.452660
495,0.263901,-0.322058,15.741036,5.664982
496,0.397588,-0.043568,22.803759,3.009879
497,0.386684,0.002530,22.590017,2.724905
498,-0.379554,-0.000689,2.484997,0.181224
499,0.169417,-0.314697,13.771589,5.713905
500,-0.187768,0.317065,9.778597,-2.704201
501,-0.127845,0.333639,11.034907,-2.755691
502,0.118808,-0.309942,12.600921,5.555665
503,-0.317689,-0.063793,3.080039,0.871382
504,0.322203,0.072806,21.650276,1.820256
505,0.067963,-0.301701,11.347726,5.195550
506,-0.065334,0.313072,12.458397,-2.501778
507,-0.013354,0.295000,13.781748,-2.143377
508,-0.287221,-0.098161,3.578368,1.305482
509,0.018233,-0.289290,10.197027,4.823589
510,0.289139,0.105454,21.051229,1.258846
511,0.035221,0.275149,14.973157,-1.781823
512,-0.030530,-0.272223,9.029887,4.339622
513,-0.212546,-0.167165,4.991096,2.265895
514,0.209685,0.169169,19.363739,0.120925
515,-0.172998,-0.201594,5.938744,2.754817
516,0.169040,0.199488,18.358772,-0.381907
517,0.127021,0.227680,17.282763,-0.886116
518,-0.126895,-0.228806,6.897832,3.305484
519,0.949980,0.543634,23.374018,2.888422
520,0.949129,-0.949063,20.903976,4.279972
521,0.544527,-0.955326,16.997993,6.368817
522,-0.949024,-0.899044,0.692340,0.350516
523,-0.946007,-0.696473,0.562069,0.155610
524,-0.947318,-0.540387,0.472372,0.061885
525,-0.949853,0.949608,0.642428,-0.442099
526,-0.748200,0.942775,3.464112,-1.925778
527,-0.543691,0.949690,5.921464,-3.041516
528,0.745908,-0.943112,18.934639,5.338619
529,0.941945,0.746576,21.790640,2.349552
530,0.949027,0.949158,20.465679,1.808280
531,0.797416,-0.945359,19.430748,5.077369
532,0.593887,-0.952145,17.457891,6.138165
533,0.944881,0.797860,21.456390,2.225427
534,0.944138,0.592288,22.949772,2.748298
535,-0.799532,0.945914,2.869441,-1.660569
536,-0.592637,0.943959,5.361453,-2.788065
537,-0.947397,-0.747809,0.565730,0.188184
538,-0.942495,-0.590756,0.542542,0.096213
539,-0.250531,0.952378,8.859825,-4.080668
540,-0.349087,0.956492,7.951445,-3.859178
541,-0.451110,-0.948101,7.581099,3.703405
542,-0.350164,-0.950721,8.812860,4.401700
543,-0.150259,0.947694,9.746189,-4.131037
544,0.955661,0.349261,24.864887,3.148082
545,0.957097,0.446232,24.178389,3.086567
546,0.449351,0.950950,15.346206,-1.399794
547,0.350356,0.950980,14.334901,-2.036189
548,0.948213,0.151717,25.883335,3.004124
549,0.951213,0.251235,25.443762,3.110506
550,0.946974,-0.648183,22.443291,3.339172
551,0.950587,-0.548697,23.089046,3.009254
552,0.847983,-0.947001,19.911762,4.807106
553,0.446737,-0.956903,16.135567,6.764832
554,0.643972,-0.946910,17.947628,5.874346
555,-0.948062,-0.798364,0.600750,0.229371
556,-0.943612,-0.643894,0.554044,0.126112
557,-0.849411,-0.949615,2.275759,1.245840
558,-0.849858,0.947964,2.146113,-1.291974
559,-0.750379,-0.950991,3.692309,1.874907
560,-0.650770,-0.950379,5.034811,2.460230
561,-0.644816,0.942299,4.731883,-2.501751
562,-0.550876,-0.947547,6.321620,3.056473
563,-0.445916,0.956995,6.992671,-3.507317
564,-0.250760,-0.950684,9.938737,5.093871
565,-0.150796,-0.950328,10.988108,5.760965
566,-0.050795,-0.950566,11.958205,6.350771
567,0.049508,-0.950396,12.856179,6.807048
568,0.150620,-0.949549,13.704785,7.079512
569,0.250661,-0.952089,14.521300,7.154396
570,0.349156,-0.955150,15.321663,7.038057
571,0.948850,-0.848661,21.408592,3.973755
572,0.946719,-0.748006,21.897095,3.664649
573,0.951323,-0.449092,23.778139,2.741126
574,0.950188,-0.349402,24.490974,2.567458
575,0.948674,-0.250077,25.166136,2.504850
576,0.948722,-0.150493,25.728529,2.545968
577,0.949544,-0.050274,26.075727,2.675895
578,0.949317,0.050305,26.129339,2.848554
579,0.941991,0.644074,22.539558,2.616310
580,0.548604,0.950207,16.379200,-0.762827
581,0.648093,0.947149,17.429819,-0.126297
582,0.946856,0.848158,21.127234,2.093426
583,0.747975,0.947028,18.454556,0.503119
584,0.848642,0.948931,19.460621,1.144362
585,0.251137,0.950873,13.352070,-2.655805
586,0.151570,0.950663,12.407154,-3.222856
587,0.051401,0.950040,11.500644,-3.689778
588,-0.049591,0.948366,10.619359,-4.004241
589,-0.950336,0.849439,0.561875,-0.296576
590,-0.950779,0.749186,0.520531,-0.210466
591,-0.950704,0.649869,0.494688,-0.141280
592,-0.950196,0.551024,0.471206,-0.076811
593,-0.950683,0.451189,0.430575,-0.015825
594,-0.951112,0.351427,0.383391,0.030087
595,-0.950215,0.251889,0.343861,0.055193
596,-0.948178,0.151074,0.315818,0.056211
597,-0.949444,0.050181,0.282948,0.034456
598,-0.951481,-0.050133,0.268336,0.005761
599,-0.954115,-0.149163,0.269032,-0.015133
600,-0.957236,-0.246775,0.277089,-0.021188
601,-0.958466,-0.344454,0.301854,-0.011719
602,-0.955751,-0.441796,0.358456,0.012922
603,0.898583,-0.948124,20.414639,4.547082
604,0.694110,-0.941807,18.448606,5.610629
605,0.495586,-0.956699,16.555298,6.584094
606,0.397952,-0.956290,15.719602,6.921641
607,0.300103,-0.953712,14.918357,7.119711
608,0.200696,-0.950497,14.114194,7.142411
609,0.100122,-0.949805,13.286008,6.969006
610,-0.000809,-0.950620,12.417833,6.600711
611,-0.100778,-0.950376,11.487251,6.072995
612,-0.200853,-0.950394,10.475185,5.438419
613,-0.300492,-0.950815,9.387090,4.754835
614,-0.400384,-0.949710,8.211606,4.059236
615,-0.501165,-0.946880,6.951118,3.380574
616,-0.600879,-0.949041,5.685216,2.768651
617,-0.700549,-0.951151,4.380561,2.191384
618,-0.799832,-0.950447,3.025662,1.607433
619,-0.899286,-0.949384,1.597275,0.951158
620,0.948088,0.898664,20.795284,1.952447
621,0.939185,0.695624,22.132471,2.465731
622,0.954845,0.494765,23.793058,3.006534
623,0.957074,0.397851,24.536177,3.133098
624,0.953468,0.300304,25.171444,3.140126
625,0.949225,0.201800,25.684887,3.063902
626,0.948626,0.101106,26.042612,2.932876
627,0.949645,-0.000102,26.145805,2.761132
628,0.949124,-0.100480,25.940386,2.602306
629,0.948456,-0.200347,25.473726,2.513845
630,0.949297,-0.299694,24.844982,2.522071
631,0.950985,-0.399164,24.144728,2.638695
632,0.951290,-0.498975,23.438129,2.864568
633,0.949523,-0.597962,22.776754,3.165153
634,0.944055,-0.697709,22.147457,3.517120
635,0.948624,-0.798680,21.666809,3.819760
636,0.948905,-0.898641,21.167469,4.132158
637,-0.899937,0.949061,1.529706,-0.985919
638,-0.696981,0.939921,4.117270,-2.227489
639,-0.494577,0.954542,6.485558,-3.293034
640,-0.397607,0.957384,7.489033,-3.700148
641,-0.300078,0.954765,8.414334,-3.989896
642,-0.200366,0.949640,9.308987,-4.128271
643,-0.100163,0.947511,10.186376,-4.090584
644,0.000969,0.949328,11.060816,-3.868776
645,0.101567,0.950495,11.950894,-3.471728
646,0.201418,0.950847,12.875345,-2.947915
647,0.300785,0.950979,13.839049,-2.349086
648,0.399865,0.951056,14.836393,-1.717785
649,0.498974,0.950789,15.859062,-1.080248
650,0.597933,0.949435,16.894606,-0.448322
651,0.697750,0.944475,17.956274,0.193891
652,0.798665,0.948881,18.956343,0.820656
653,0.898627,0.948966,19.961971,1.472774
654,-0.948543,-0.848620,0.608274,0.274801
655,-0.952375,-0.490658,0.406469,0.032741
656,-0.957722,-0.393201,0.325306,-0.001527
657,-0.958303,-0.295574,0.286338,-0.018184
658,-0.955772,-0.198033,0.271734,-0.020158
659,-0.952679,-0.099862,0.267654,-0.006430
660,-0.950436,-0.000049,0.273132,0.019738
661,-0.948455,0.100636,0.299512,0.047383
662,-0.949079,0.201538,0.330633,0.058596
663,-0.950854,0.301758,0.364325,0.045025
664,-0.951019,0.401205,0.408684,0.009285
665,-0.950380,0.501236,0.455839,-0.045488
666,-0.950427,0.600433,0.489612,-0.109479
667,-0.950903,0.699487,0.516705,-0.176572
668,-0.950739,0.799348,0.560051,-0.253938
669,-0.950111,0.899491,0.655709,-0.370715
670,0.334465,-0.296540,17.593878,5.118619
671,0.318211,0.145952,20.602436,1.460622
672,-0.317695,-0.129286,3.830693,1.067037
673,-0.380532,0.206918,4.231125,-0.772781
674,0.397628,-0.216721,20.293682,3.838309
675,-0.045998,-0.315693,9.468355,4.382285
676,0.057119,0.321467,14.629124,-1.766399
677,0.250146,0.137773,20.266611,0.699869
678,0.301684,-0.906785,14.978974,6.999374
679,0.202717,-0.900716,14.107681,7.021607
680,0.099657,-0.900058,13.185790,6.842185
681,-0.001548,-0.901500,12.246773,6.461787
682,-0.101119,-0.900305,11.263766,5.919365
683,-0.201614,-0.900164,10.210399,5.266483
684,-0.300978,-0.901025,9.106675,4.573225
685,-0.399256,-0.900421,7.947622,3.879072
686,0.913533,0.396524,24.134262,2.883814
687,0.896956,0.204966,25.204445,2.901447
688,0.900155,-0.000426,25.719618,2.776910
689,0.898203,-0.100498,25.494858,2.704980
690,0.895700,-0.200608,24.991516,2.695264
691,0.897625,-0.300208,24.347565,2.759641
692,0.902561,-0.398906,23.663795,2.897343
693,-0.395502,0.914154,7.397258,-3.574719
694,-0.301847,0.909493,8.332089,-3.856297
695,0.003173,0.899633,11.212954,-3.730276
696,0.103621,0.901708,12.158512,-3.327285
697,0.202956,0.901923,13.126115,-2.796944
698,0.301557,0.901882,14.117943,-2.195223
699,0.399704,0.902017,15.128661,-1.565570
700,-0.915253,-0.385402,0.652296,0.016792
701,-0.916311,-0.291757,0.574374,-0.017141
702,-0.910517,-0.197570,0.547745,-0.023468
703,-0.904601,-0.101148,0.533445,-0.003771
704,-0.900817,-0.001157,0.537029,0.036485
705,-0.896444,0.100507,0.593105,0.078609
706,-0.898495,0.204239,0.658804,0.091464
707,-0.901999,0.303874,0.733080,0.059513
708,-0.902321,0.402143,0.826617,-0.011816
709,0.396746,-0.911600,15.812713,6.807647
710,0.905581,0.302432,24.717371,2.916689
711,0.897880,0.101207,25.603134,2.857152
712,-0.202922,0.898786,9.283910,-3.991907
713,-0.099410,0.894198,10.261840,-3.951852
714,0.008141,0.345042,13.499942,-2.216243
715,0.004525,-0.336362,10.544067,4.882742
716,0.194166,0.237607,17.889372,-0.219879
717,-0.206780,-0.244465,6.310843,2.520705
718,-0.367746,0.316160,6.399300,-1.480906
719,0.384394,-0.328676,17.901535,4.686655
720,0.446206,-0.032455,22.861248,2.964119
721,-0.432782,0.036580,2.300746,-0.017212
722,-0.094198,0.386356,11.465737,-2.839575
723,0.110024,-0.356555,12.623669,5.670819
724,-0.441745,0.080736,2.347419,-0.073776
725,0.463049,-0.075774,22.798466,3.018784
726,-0.312224,0.330495,7.437124,-2.028517
727,0.313969,-0.341009,16.581249,5.465313
728,0.106245,0.296382,15.733191,-1.277978
729,-0.095895,-0.293326,8.392253,3.809143
730,-0.396282,-0.854581,7.754526,3.734995
731,0.855675,-0.400011,23.196381,3.108241
732,0.399733,0.853137,15.412239,-1.404552
733,-0.854301,0.402813,1.262434,-0.058832
734,0.869617,0.397141,23.711163,2.662865
735,-0.394349,0.870188,7.336786,-3.444501
736,-0.872855,-0.376783,0.979753,0.050882
737,0.396886,-0.865830,15.898221,6.686698
738,0.443897,-0.203057,21.048450,3.436646
739,-0.428266,0.213524,3.989323,-0.411970
740,0.232861,0.204763,18.887281,0.319728
741,0.440751,-0.260346,19.800720,3.802115
742,-0.422579,0.263187,4.833052,-0.692131
743,-0.482465,0.120051,2.544056,-0.018968
744,0.488178,-0.112835,22.611156,3.058990
745,-0.301937,-0.849897,8.851136,4.389424
746,0.844190,-0.302628,23.826466,2.950850
747,0.302181,0.852941,14.382001,-2.034075
748,-0.853131,0.306199,1.120468,0.048704
749,-0.305164,0.864726,8.264763,-3.719284
750,0.304913,-0.859201,15.044804,6.874867
751,0.856422,0.307233,24.229845,2.723599
752,-0.875115,-0.289210,0.860129,0.000350
753,-0.302350,-0.193562,4.740122,1.424471
754,0.294256,0.211547,19.395229,0.921610
755,-0.240207,-0.195517,5.260705,2.021211
756,-0.214965,-0.299460,6.954558,2.666085
757,0.224544,0.273689,17.675009,-0.042886
758,0.101412,-0.404792,12.667205,5.791191
759,-0.069538,0.431719,11.664790,-2.849978
760,-0.202131,-0.849040,9.987746,5.098134
761,0.840773,-0.200288,24.503727,2.832740
762,0.204473,0.853376,13.362647,-2.639391
763,-0.850155,0.209871,0.989254,0.101690
764,-0.210294,0.849901,9.227548,-3.852798
765,-0.864142,-0.199490,0.832885,-0.013099
766,0.843314,0.210298,24.697929,2.762732
767,0.207491,-0.851874,14.134818,6.903918
768,0.410653,-0.293661,18.921618,4.277228
769,0.436276,0.012555,22.718733,2.802311
770,-0.425801,-0.009668,2.392542,0.087683
771,-0.100541,-0.849229,11.091839,5.771968
772,0.847280,-0.099426,25.066559,2.777856
773,0.106067,0.853855,12.358825,-3.177685
774,-0.844341,0.098106,0.878819,0.096366
775,0.850054,0.098186,25.203217,2.806611
776,-0.855604,-0.104059,0.801344,0.003823
777,0.097096,-0.852585,13.086406,6.714015
778,-0.095031,0.840896,10.390108,-3.806560
779,0.297209,-0.387495,15.882717,5.688694
780,-0.328602,0.375963,7.534075,-2.096428
781,-0.001512,-0.852391,12.119650,6.328286
782,0.851431,-0.000481,25.310266,2.786823
783,0.007112,0.851427,11.379396,-3.586992
784,-0.851136,-0.003372,0.793739,0.049546
785,-0.417450,-0.060951,2.711747,0.253606
786,0.430811,0.062052,22.346956,2.592350
787,-0.349831,-0.851553,8.293947,4.047344
788,-0.853850,0.354214,1.186537,0.002797
789,0.850256,-0.351807,23.501482,3.024021
790,0.350979,0.853023,14.896503,-1.721103
791,-0.830538,-0.366755,1.303081,0.097170
792,0.864363,0.353557,23.978437,2.698725
793,-0.350637,0.868082,7.790376,-3.592119
794,0.351544,-0.862458,15.482196,6.794205
795,0.440729,-0.165305,21.677141,3.308753
796,-0.435745,0.162447,3.135623,-0.215298
797,0.056931,-0.348589,11.622431,5.356736
798,-0.043547,0.363644,12.452323,-2.574765
799,-0.521413,0.076601,2.229398,0.042991
800,0.544694,-0.050870,23.144276,2.901834
801,-0.251044,-0.132532,4.204657,1.764441
802,-0.852497,0.258462,1.044094,0.082925
803,-0.252266,-0.849276,9.420787,4.738825
804,0.840635,-0.251866,24.153290,2.887270
805,0.253323,0.853261,13.868446,-2.343459
806,0.846941,0.259988,24.443102,2.735675
807,-0.870606,-0.244962,0.839446,-0.010876
808,-0.258956,0.859427,8.730551,-3.806580
809,0.257123,-0.856172,14.602849,6.911388
810,-0.161382,-0.314377,7.792688,3.244715
811,0.186538,0.319277,16.537498,-0.622479
812,0.152723,-0.410553,13.454762,5.964968
813,-0.171081,0.450988,10.096019,-3.035398
814,-0.151138,-0.848696,10.543525,5.440461
815,0.843571,-0.149621,24.808723,2.794755
816,0.155375,0.853799,12.856347,-2.920738
817,-0.837185,0.154902,0.984295,0.110762
818,-0.153391,0.830442,9.812630,-3.823654
819,-0.858758,-0.152854,0.820660,-0.008117
820,0.837426,0.153532,24.907330,2.779453
821,0.152687,-0.842792,13.609458,6.817955
822,0.482992,0.019955,22.852629,2.814874
823,-0.472158,-0.013892,2.312284,0.064425
824,-0.050534,-0.850389,11.611304,6.064991
825,0.849945,-0.049485,25.228802,2.778243
826,0.056872,0.853432,11.865197,-3.401489
827,-0.848084,0.046687,0.822960,0.075124
828,-0.258592,0.444624,8.824969,-2.743928
829,0.281029,-0.430501,15.417343,5.892471
830,0.047527,-0.853819,12.604727,6.543551
831,0.852022,0.048473,25.299765,2.798286
832,-0.043119,0.847293,10.889243,-3.721374
833,-0.853403,-0.053873,0.788077,0.024767
834,-0.425483,0.310690,5.438814,-0.964334
835,0.455627,-0.325274,19.072895,4.149238
836,0.082336,0.367621,14.453766,-1.745161
837,-0.338507,-0.035830,2.764540,0.628894
838,0.343535,0.042524,22.158873,2.125814
839,-0.520522,-0.012778,2.183808,0.055285
840,0.528144,0.024063,23.042351,2.797164
841,0.091658,-0.809053,12.972703,6.580850
842,0.806450,0.092908,24.834730,2.764913
843,-0.081731,0.789140,10.607203,-3.646997
844,-0.805896,-0.108214,1.071348,0.017454
845,0.000867,-0.802416,12.027555,6.196903
846,0.803372,0.000477,24.907936,2.792225
847,0.013107,0.805073,11.557754,-3.437330
848,-0.801147,-0.006847,1.042990,0.059636
849,0.429268,-0.358807,18.324175,4.571320
850,-0.431974,0.358807,5.826345,-1.221329
851,0.525749,-0.321435,20.119902,3.806032
852,-0.481396,0.307892,4.660065,-0.629335
853,-0.353254,-0.092122,3.255328,0.690660
854,0.369295,0.115215,21.411768,2.009341
855,-0.129707,-0.376059,8.878958,3.819278
856,-0.427425,-0.801614,7.128325,3.314683
857,-0.807380,0.403840,1.696016,-0.123082
858,0.812148,-0.403791,22.706139,3.292824
859,0.400434,0.804443,15.701537,-1.232784
860,-0.817287,-0.445376,1.549171,0.214463
861,0.829858,0.438497,23.008692,2.404427
862,-0.434538,0.827601,6.832015,-3.141297
863,0.399436,-0.818322,16.016253,6.544090
864,-0.523926,0.119221,2.438159,0.024629
865,0.512170,-0.147266,22.323647,3.072228
866,-0.303017,-0.797462,8.614388,4.182827
867,0.787432,-0.309555,23.204782,3.126046
868,0.302466,0.804382,14.633862,-1.869298
869,0.809155,0.317141,23.706940,2.545105
870,-0.835421,-0.327645,1.202475,0.056864
871,-0.803008,0.308281,1.521974,0.019866
872,-0.309277,0.820654,8.196280,-3.576385
873,0.309680,-0.810572,15.135590,6.738375
874,-0.201161,0.422496,9.653711,-2.914706
875,-0.109978,0.460624,10.964435,-3.023856
876,0.094485,-0.453411,12.626369,5.838074
877,0.201283,-0.416223,14.264782,6.049695
878,0.240516,0.343412,16.988464,-0.245207
879,-0.219926,-0.344556,7.360209,2.830469
880,-0.188915,0.786802,9.494700,-3.697232
881,-0.816034,-0.205975,1.136880,0.009784
882,0.784661,0.173485,24.355057,2.688623
883,0.177438,-0.797486,13.821939,6.739237
884,-0.792066,0.090299,1.149919,0.105327
885,-0.344761,0.424985,7.508490,-2.162820
886,0.321300,-0.451597,15.930799,5.744910
887,0.130352,0.340608,15.490746,-1.223136
888,-0.112457,-0.334425,8.712071,3.818570
889,-0.442815,0.117031,2.571493,-0.149104
890,0.457391,-0.132763,22.262016,3.152004
891,-0.096382,-0.742726,10.838013,5.466851
892,0.751860,-0.090036,24.310619,2.851234
893,0.110097,0.760502,12.728322,-2.878150
894,-0.739389,0.084912,1.414391,0.106816
895,-0.217229,0.754155,9.211955,-3.583652
896,-0.766949,-0.220921,1.479368,0.051922
897,0.738076,0.178135,23.917515,2.616288
898,0.223662,-0.756833,14.286892,6.670656
899,-0.202860,-0.745441,9.608660,4.727658
900,0.206850,0.756268,13.811704,-2.307195
901,-0.756845,0.214328,1.626587,0.087263
902,0.007751,-0.751397,12.013008,6.094645
903,0.755435,0.002330,24.527176,2.797387
904,0.020126,0.761899,11.750076,-3.293486
905,-0.751416,-0.012166,1.282820,0.063820
906,-0.396469,0.775194,7.206642,-3.128543
907,-0.761390,0.407158,2.157432,-0.214635
908,-0.772665,-0.430612,1.921309,0.293604
909,0.778262,0.406807,22.737091,2.253819
910,-0.401560,-0.767280,7.299912,3.354922
911,0.777185,-0.409252,22.307402,3.433825
912,0.401160,0.756107,15.989158,-1.050076
913,-0.113450,0.527982,10.760372,-3.138375
914,0.088590,-0.500635,12.652262,5.907468
915,-0.749731,0.310249,1.976508,-0.030613
916,-0.300554,-0.744572,8.436241,3.999991
917,0.302438,0.755901,14.881964,-1.696099
918,-0.570645,-0.055348,2.107985,0.077732
919,0.572742,0.063032,23.163612,2.721616
920,0.516711,-0.252395,20.910032,3.452106
921,-0.533403,0.257914,3.597940,-0.228111
922,0.337071,0.192703,20.096565,1.373829
923,-0.401327,-0.125578,3.307000,0.509175
924,0.429145,0.117700,21.814981,2.333126
925,0.083164,0.440509,13.854863,-1.998426
926,-0.088003,-0.395867,9.658248,4.306855
927,-0.445173,-0.845278,7.111895,3.355662
928,0.857853,-0.447687,22.850084,3.221816
929,0.447816,0.854080,15.919394,-1.096963
930,0.872464,0.437966,23.429546,2.612487
931,-0.861413,-0.462165,1.180960,0.144120
932,-0.853770,0.452187,1.331704,-0.131368
933,-0.435776,0.871593,6.883332,-3.279096
934,0.441854,-0.868627,16.323429,6.544826
935,-0.049178,0.471984,11.793115,-2.861928
936,0.041408,-0.450166,11.880673,5.544661
937,-0.223848,0.456901,9.326574,-2.930521
938,0.196432,-0.463490,14.092755,6.109219
939,-0.805309,0.217823,1.299960,0.098931
940,-0.202339,-0.797139,9.788053,4.912852
941,0.782458,-0.198035,23.985926,2.931474
942,0.205775,0.805108,13.586074,-2.477724
943,0.145287,0.442417,14.714767,-1.524975
944,-0.187146,-0.394698,8.243962,3.371485
945,-0.316351,-0.233301,5.084251,1.489586
946,0.308800,0.249799,19.009989,0.837771
947,-0.366278,-0.210774,4.394655,1.031327
948,0.387952,0.233977,20.108408,1.489046
949,0.914316,0.441713,23.806459,2.833112
950,-0.440764,0.914057,6.933120,-3.398273
951,-0.911842,-0.431610,0.716122,0.044706
952,0.443875,-0.913055,16.227114,6.662840
953,0.754147,-0.044590,24.458221,2.823113
954,-0.742840,0.036527,1.338282,0.089015
955,-0.042699,-0.742809,11.433437,5.792724
956,0.063845,0.760601,12.222284,-3.103673
957,-0.746127,-0.165925,1.491615,0.044747
958,0.158735,-0.758599,13.618632,6.622303
959,0.737851,0.139409,24.101200,2.671862
960,-0.194555,0.728027,9.486216,-3.540343
961,-0.737095,0.165160,1.603620,0.107797
962,0.734962,-0.134585,23.979353,2.901891
963,-0.150053,-0.744873,10.221949,5.102745
964,0.158114,0.758092,13.261823,-2.605103
965,-0.346235,0.738981,7.771116,-3.209476
966,0.361468,-0.761081,15.721171,6.492139
967,-0.755773,0.359899,2.073715,-0.116357
968,-0.730174,-0.370691,2.146662,0.288947
969,0.774881,0.366353,23.012280,2.333779
970,-0.345400,-0.743214,7.886803,3.663170
971,0.754577,-0.376630,22.310972,3.408335
972,0.350798,0.756596,15.421311,-1.382460
973,-0.169006,0.547917,10.007676,-3.186881
974,0.138404,-0.504483,13.291798,6.085892
975,0.530410,0.106966,22.647329,2.588918
976,0.571968,0.024827,23.270519,2.794930
977,-0.569625,-0.007373,2.021746,0.063096
978,-0.521620,-0.111153,2.546678,0.168597
979,0.470683,-0.192384,21.430935,3.312596
980,0.554927,-0.287478,20.929016,3.548986
981,-0.534298,0.305080,4.016175,-0.416413
982,-0.479955,0.213916,3.580653,-0.211908
983,-0.013705,-0.390827,10.745350,4.954053
984,0.123024,0.474653,14.173507,-1.827831
985,-0.150232,-0.418787,8.944667,3.827542
986,0.034214,0.402842,13.409686,-2.227819
987,-0.313404,0.482637,8.098867,-2.562227
988,0.300491,-0.492821,15.491281,5.958476
989,-0.465682,-0.119382,2.897864,0.284274
990,0.481211,0.112669,22.245899,2.498026
991,0.176489,0.419292,15.328846,-1.174318
992,-0.210825,-0.422673,8.149795,3.299069
993,-0.419344,-0.187907,3.750084,0.674252
994,0.440543,0.182241,21.240976,2.047175
995,0.254645,0.755696,14.346519,-2.005210
996,-0.252734,-0.744417,9.011095,4.351763
997,0.724504,-0.257339,23.001762,3.126001
998,-0.750242,0.260501,1.808777,0.042096
999,0.760038,0.049685,24.543840,2.768250
1000,-0.758006,-0.060306,1.271661,0.044737
1001,0.068043,-0.716574,12.623939,6.269456
1002,-0.023225,0.752715,11.303427,-3.415939
1003,-0.439783,0.405657,6.015265,-1.421278
1004,0.404954,-0.393997,17.571091,4.936178
1005,-0.851464,0.502444,1.425333,-0.222777
1006,-0.486314,0.815913,6.221350,-2.864949
1007,0.523758,-0.825618,17.239481,6.090771
1008,-0.501617,-0.826268,6.324343,2.912397
1009,0.857306,-0.495380,22.511387,3.355729
1010,0.495923,0.854468,16.427803,-0.788648
1011,0.819275,0.487840,22.517876,2.242581
1012,-0.851543,-0.503217,1.323657,0.213949
1013,0.187398,-0.510897,13.961572,6.175043
1014,-0.197070,0.500278,9.693476,-3.079871
1015,0.431898,0.240401,20.513590,1.699519
1016,-0.432824,-0.242742,4.092824,0.822198
1017,0.282383,-0.536777,15.153195,6.118801
1018,-0.280514,0.532273,8.583239,-2.861207
1019,-0.313798,0.779720,8.142158,-3.442338
1020,0.314591,-0.761279,15.229503,6.603119
1021,0.746822,0.313875,23.127615,2.372626
1022,-0.756010,-0.342458,1.853135,0.189944
1023,0.611885,0.022991,23.511515,2.786088
1024,-0.616343,-0.001165,1.852793,0.072551
1025,0.714611,-0.091053,24.011627,2.876358
1026,-0.690228,0.085139,1.639238,0.107478
1027,-0.096441,-0.689141,10.698813,5.290003
1028,0.110873,0.717360,12.887266,-2.740855
1029,0.225849,-0.712352,14.324343,6.569289
1030,-0.218041,0.702465,9.247427,-3.451467
1031,-0.701678,0.194425,1.914645,0.086290
1032,0.718142,-0.191564,23.480463,2.994944
1033,-0.201989,-0.695019,9.453812,4.541905
1034,0.207457,0.706767,14.036916,-2.129849
1035,-0.387456,0.717432,7.275820,-2.974622
1036,0.420631,-0.716385,16.442963,6.168523
1037,-0.713097,0.418585,2.677717,-0.347682
1038,-0.685535,-0.381469,2.572894,0.420180
1039,0.731595,0.408127,22.247946,2.069667
1040,0.397300,0.710272,16.217121,-0.897599
1041,0.721613,-0.413073,21.672297,3.637653
1042,-0.399342,-0.699739,7.052273,3.095296
1043,-0.136210,0.565885,10.391903,-3.221662
1044,0.078047,-0.586778,12.610722,6.021605
1045,0.578037,0.102562,23.013988,2.633963
1046,-0.574555,-0.102292,2.245344,0.114585
1047,0.533662,-0.014043,23.124643,2.871324
1048,-0.521285,0.032935,2.145310,0.036156
1049,0.565492,-0.348178,20.381847,3.842507
1050,0.558941,-0.225316,21.742594,3.249065
1051,-0.531932,0.210585,3.166126,-0.089327
1052,-0.536556,0.353296,4.365956,-0.634989
1053,-0.053956,-0.413415,10.250286,4.668744
1054,0.022987,0.457273,12.875178,-2.461671
1055,0.537593,-0.911141,17.094324,6.282102
1056,0.901244,0.532031,22.989304,2.601351
1057,-0.532121,0.900396,5.898262,-2.939229
1058,-0.897040,-0.526019,0.925995,0.139213
1059,0.226051,0.386879,16.324787,-0.601535
1060,-0.243620,-0.394573,7.496859,2.871992
1061,-0.301877,-0.690758,8.221366,3.772691
1062,0.302647,0.707058,15.138204,-1.511350
1063,0.722269,-0.325767,22.406992,3.329747
1064,-0.691210,0.314903,2.509084,-0.113368
1065,0.704387,0.005376,24.142502,2.799500
1066,-0.704456,-0.022322,1.501123,0.068763
1067,0.022007,-0.703014,12.088925,6.035469
1068,-0.004355,0.710899,11.611896,-3.243366
1069,0.758587,0.099465,24.425665,2.731713
1070,-0.758425,-0.109949,1.322073,0.032022
1071,0.094479,-0.767399,12.958491,6.484486
1072,-0.067451,0.735608,10.861916,-3.486068
1073,-0.899826,0.552184,0.978442,-0.185171
1074,-0.552895,-0.893894,6.008373,2.847853
1075,0.546901,0.901000,16.672188,-0.617259
1076,0.901860,-0.546681,22.620792,3.277315
1077,0.351124,0.281229,19.122065,0.977070
1078,-0.325635,-0.279522,5.475268,1.623946
1079,-0.243851,0.535720,9.061900,-3.015865
1080,0.235451,-0.520537,14.560605,6.175274
1081,0.620332,-0.286533,21.675379,3.400275
1082,-0.585077,0.302281,3.456132,-0.270701
1083,0.444096,-0.420566,17.971336,4.839197
1084,-0.490295,0.403605,5.299758,-1.115168
1085,-0.390414,0.413068,6.784860,-1.799544
1086,0.383088,-0.432652,16.953260,5.293901
1087,-0.012968,0.456961,12.376889,-2.655097
1088,-0.010252,-0.450116,11.108432,5.161660
1089,0.004330,0.494716,12.430457,-2.661214
1090,-0.014922,-0.501715,11.254203,5.292104
1091,0.478623,0.212653,21.279348,2.030746
1092,-0.486778,-0.228024,3.526455,0.561510
1093,0.716013,0.244178,23.319944,2.450923
1094,-0.750247,-0.297643,1.781934,0.138875
1095,-0.272521,0.765798,8.597201,-3.511737
1096,0.267601,-0.760447,14.745128,6.664048
1097,0.647700,0.023879,23.742033,2.783998
1098,-0.663288,-0.038856,1.698213,0.066504
1099,-0.766012,0.450404,2.211048,-0.307321
1100,-0.436911,0.724702,6.693699,-2.776791
1101,0.486609,-0.751795,17.076143,6.013556
1102,-0.725635,-0.459770,2.435658,0.481625
1103,0.734230,0.446453,21.972496,1.967484
1104,0.763575,-0.448422,21.846474,3.614112
1105,-0.434427,-0.738622,6.777239,3.013235
1106,0.456782,0.754240,16.623281,-0.684939
1107,-0.057001,0.529066,11.492096,-3.002230
1108,0.083231,-0.545241,12.611487,5.960470
1109,-0.848464,0.553210,1.503521,-0.320067
1110,-0.558839,-0.840397,5.671576,2.591768
1111,0.545440,0.851932,16.971764,-0.466773
1112,0.853209,-0.544073,22.127680,3.522368
1113,-0.585169,0.204430,2.739533,-0.001599
1114,0.595598,-0.198508,22.360676,3.121237
1115,-0.388921,-0.309163,5.068237,1.350530
1116,0.355307,0.327567,18.654135,0.743315
1117,-0.541115,0.403854,4.623294,-0.861579
1118,0.545078,-0.395842,19.615921,4.165840
1119,-0.205261,0.540363,9.561701,-3.121903
1120,0.175848,-0.557390,13.777823,6.236257
1121,0.638214,-0.258221,22.133163,3.262713
1122,-0.640314,0.252609,2.635287,-0.038574
1123,0.422237,-0.455472,17.395817,5.156331
1124,-0.447528,0.448440,6.113759,-1.596531
1125,-0.236031,-0.439979,7.916114,3.162379
1126,0.247290,0.441379,16.128431,-0.706931
1127,0.715740,0.087798,24.110085,2.720372
1128,-0.721710,-0.102799,1.503889,0.047170
1129,0.141393,-0.741091,13.427865,6.547609
1130,-0.092421,0.702610,10.653450,-3.448309
1131,0.656808,-0.011521,23.808159,2.818797
1132,-0.653628,-0.003795,1.717859,0.074946
1133,0.010082,-0.639314,11.851065,5.805420
1134,0.001884,0.634880,11.897912,-3.021531
1135,0.672060,-0.100441,23.677912,2.898803
1136,-0.649891,0.089919,1.843430,0.099330
1137,-0.107245,-0.639274,10.449584,5.048866
1138,0.087362,0.664616,12.804744,-2.702867
1139,-0.654222,-0.223471,2.241146,0.182679
1140,0.190438,-0.659565,13.946148,6.438889
1141,0.645844,0.210070,22.905188,2.420834
1142,-0.198395,0.654368,9.521398,-3.364446
1143,-0.640305,0.197386,2.333662,0.051159
1144,0.662584,-0.209561,22.829531,3.087829
1145,-0.195541,-0.650976,9.391018,4.423292
1146,0.204269,0.652579,14.252775,-1.947929
1147,0.565181,-0.083557,23.100842,2.934071
1148,-0.564188,0.113921,2.267975,0.069619
1149,-0.105287,0.589791,10.727035,-3.234623
1150,0.067460,-0.626075,12.507810,6.054002
1151,-0.625148,-0.092951,1.968378,0.079842
1152,0.622940,0.097073,23.369297,2.669310
1153,-0.635274,0.302270,2.971048,-0.172879
1154,0.305574,0.656704,15.446291,-1.288075
1155,0.663282,-0.307931,21.914072,3.397998
1156,-0.628500,0.346093,3.274631,-0.324097
1157,0.632828,-0.355883,21.130554,3.673423
1158,0.732029,-0.485125,21.238024,3.867552
1159,-0.498113,-0.743985,6.013728,2.608933
1160,0.493081,0.777584,16.879276,-0.539324
1161,-0.760262,-0.535624,2.277377,0.538803
1162,0.748368,0.523650,21.507698,1.804560
1163,-0.759806,0.494780,2.381107,-0.448042
1164,-0.526983,0.736718,5.609549,-2.374056
1165,0.519446,-0.784178,17.327045,5.975485
1166,0.574814,-0.040002,23.286961,2.881735
1167,-0.596229,0.094488,2.083244,0.084915
1168,0.510109,0.198714,21.726467,2.194728
1169,0.034196,-0.545602,12.009084,5.721300
1170,-0.008526,0.529617,12.119578,-2.806146
1171,-0.225957,0.807748,9.080334,-3.715139
1172,-0.828207,-0.249588,1.127577,0.016244
1173,0.789790,0.217991,24.167469,2.643272
1174,0.217312,-0.804813,14.225020,6.784876
1175,0.041454,0.516426,12.831899,-2.519484
1176,-0.067435,-0.501361,10.521223,4.876087
1177,0.725433,0.361939,22.548573,2.180196
1178,-0.706956,-0.320918,2.191880,0.250509
1179,-0.320213,0.709836,8.070613,-3.213060
1180,0.315254,-0.716194,15.284988,6.484608
1181,0.129328,-0.689577,13.275192,6.403833
1182,-0.098126,0.647132,10.694159,-3.335979
1183,0.648850,0.053324,23.696068,2.745411
1184,-0.672724,-0.081853,1.714743,0.065315
1185,-0.543856,0.455376,4.826894,-1.103354
1186,0.528982,-0.460059,18.882612,4.593477
1187,-0.804281,0.500585,1.903648,-0.331440
1188,-0.533856,-0.772422,5.684823,2.486224
1189,0.815570,-0.491545,22.090792,3.536844
1190,0.493834,0.811607,16.673887,-0.655457
1191,-0.335132,-0.328572,5.818453,1.797305
1192,0.422356,0.286662,19.911160,1.384959
1193,0.300798,0.338437,17.835354,0.281236
1194,-0.442746,-0.294605,4.403202,0.994609
1195,-0.267219,-0.424632,7.417576,2.819739
1196,0.302291,0.428951,16.974649,-0.214911
1197,-0.638676,-0.180286,2.180132,0.143476
1198,0.638950,0.175460,23.064957,2.498216
1199,0.147313,-0.647953,13.448524,6.356275
1200,-0.173749,0.634427,9.833791,-3.346931
1201,-0.632739,0.390455,3.449637,-0.475424
1202,-0.848147,0.603187,1.566765,-0.419233
1203,-0.608425,-0.849583,5.084968,2.332939
1204,0.592770,0.850569,17.478790,-0.165164
1205,0.850409,-0.591030,21.810295,3.682427
1206,-0.056908,-0.619324,11.011464,5.337888
1207,0.055483,0.637281,12.527167,-2.788811
1208,-0.631509,0.136179,2.080316,0.095440
1209,0.634726,-0.163226,23.010798,3.002127
1210,-0.154120,-0.653516,9.908365,4.748571
1211,0.170088,0.624670,13.969688,-2.068639
1212,0.256335,0.650311,14.887099,-1.596412
1213,-0.247905,-0.625002,8.650834,3.909761
1214,0.038233,-0.616354,12.166499,5.899871
1215,-0.024742,0.609827,11.651055,-3.065199
1216,0.265271,-0.580973,14.864370,6.250209
1217,-0.350342,-0.661207,7.505960,3.285613
1218,0.359633,0.620721,16.315323,-0.768091
1219,0.162636,-0.602938,13.630804,6.296903
1220,-0.224592,0.617322,9.248413,-3.234156
1221,-0.248718,0.607444,8.960676,-3.156436
1222,0.607714,0.257254,22.178886,2.192708
1223,-0.618929,-0.275524,2.722036,0.342144
1224,0.205688,-0.613226,14.124276,6.355953
1225,-0.319119,0.563615,8.087949,-2.780786
1226,0.328514,-0.556935,15.696854,6.023046
1227,-0.290420,0.582792,8.455058,-2.958845
1228,0.309575,-0.598755,15.381973,6.191757
1229,-0.589855,0.401221,4.005424,-0.659712
1230,0.570240,-0.445520,19.552864,4.340055
1231,-0.535892,0.504518,5.100342,-1.374884
1232,-0.466713,-0.710840,6.265820,2.677746
1233,0.682976,-0.492048,20.614496,4.090824
1234,0.501761,0.730703,17.274063,-0.311665
1235,-0.799261,-0.512956,1.841389,0.369667
1236,0.800574,0.514441,22.120726,2.085913
1237,-0.717449,0.482368,2.810766,-0.534681
1238,-0.514555,0.795412,5.846029,-2.651848
1239,0.554737,-0.780810,17.706596,5.806259
1240,0.613614,-0.015044,23.536512,2.836863
1241,0.583534,-0.118436,22.992397,2.959616
1242,-0.622588,0.050709,1.866394,0.088165
1243,-0.528422,-0.160571,2.782387,0.261756
1244,0.538656,0.148302,22.412216,2.458655
1245,0.099824,0.507616,13.657869,-2.116234
1246,-0.126722,-0.492660,9.693857,4.352621
1247,-0.605918,-0.236423,2.637556,0.281060
1248,0.600883,0.219067,22.415367,2.310354
1249,-0.853682,0.650887,1.534365,-0.487732
1250,-0.655338,-0.855114,4.501549,2.060560
1251,0.631243,0.858179,17.835356,0.050477
1252,0.857089,-0.630028,21.631464,3.768914
1253,-0.126584,-0.596806,10.078194,4.749105
1254,0.083257,0.602881,12.991685,-2.535602
1255,-0.198000,-0.588608,9.141663,4.149480
1256,0.202767,0.598230,14.501226,-1.749168
1257,-0.009233,-0.599115,11.565157,5.595104
1258,-0.001283,0.581646,12.027983,-2.901914
1259,-0.316197,-0.631287,7.815050,3.410386
1260,0.316259,0.606039,15.875018,-0.996320
1261,-0.386180,-0.652069,7.026294,2.989203
1262,0.393240,0.668273,16.424511,-0.751906
1263,-0.272664,0.626280,8.664305,-3.135434
1264,0.616145,0.293110,21.969877,2.081886
1265,-0.623331,-0.304350,2.820052,0.402585
1266,0.248567,-0.624509,14.626471,6.362942
1267,0.526580,0.764119,17.332420,-0.281854
1268,0.764597,-0.518025,21.358955,3.850329
1269,-0.748371,0.540689,2.581805,-0.607519
1270,0.408159,0.326733,19.321516,1.081466
1271,-0.398773,-0.355356,5.313533,1.510123
1272,0.617368,-0.418705,20.366341,4.009631
1273,-0.671982,0.378275,2.961275,-0.324392
1274,0.316575,0.389871,17.523069,0.108205
1275,-0.306423,-0.400772,6.747808,2.383286
1276,0.636279,-0.468841,20.221256,4.178362
1277,-0.649054,0.431485,3.432185,-0.575379
1278,-0.330506,-0.454210,6.799049,2.469147
1279,0.341899,0.448549,17.325169,-0.036704
1280,-0.494460,-0.688750,5.837474,2.408973
1281,0.656168,-0.504084,20.202272,4.256485
1282,0.488962,0.691962,17.386696,-0.240256
1283,0.566955,0.742400,17.917805,0.047017
1284,-0.558296,-0.726784,5.198900,2.159354
1285,0.740140,-0.557845,20.834217,4.102323
1286,-0.733018,0.588982,2.853136,-0.823820
1287,-0.445925,-0.344582,4.728695,1.199269
1288,0.459498,0.305159,20.152431,1.475866
1289,-0.409538,-0.397203,5.484040,1.648687
1290,0.417373,0.383370,18.878887,0.813267
1291,-0.478597,0.529666,5.922949,-1.795075
1292,0.462636,-0.511167,17.660501,5.196547
1293,0.076378,0.541996,13.168243,-2.386369
1294,-0.118592,-0.538379,9.984926,4.596926
1295,-0.789067,-0.535375,1.987117,0.440877
1296,0.781246,0.540722,21.716745,1.918704
1297,-0.543430,0.774598,5.477415,-2.434399
1298,0.551311,-0.743092,17.797411,5.694637
1299,-0.813968,0.653424,2.008335,-0.668612
1300,-0.659277,-0.811011,4.267514,1.880639
1301,0.656134,0.830907,18.279387,0.291433
1302,0.828524,-0.654188,21.205511,3.999673
1303,0.417204,0.618636,17.027405,-0.383574
1304,-0.372288,-0.612491,7.039555,2.912788
1305,-0.835086,-0.538066,1.535626,0.307806
1306,0.838665,0.542555,22.287117,2.215882
1307,-0.543512,0.835927,5.595634,-2.656264
1308,0.561996,-0.820998,17.643011,5.898312
1309,-0.330285,0.614400,7.953455,-2.883608
1310,0.354262,-0.621746,15.875531,6.118418
1311,-0.406930,0.509590,6.848814,-2.115072
1312,0.393030,-0.535903,16.602667,5.672456
1313,-0.632789,-0.137386,2.065827,0.107654
1314,0.634361,0.136303,23.260963,2.591956
1315,0.580537,0.308314,21.463503,1.913653
1316,-0.539743,-0.209873,2.987415,0.352997
1317,0.549302,0.187892,22.187977,2.331151
1318,-0.738288,-0.613302,2.693494,0.811175
1319,0.747466,0.600774,20.898849,1.565911
1320,-0.609733,0.740587,4.599820,-1.956150
1321,0.589179,-0.740005,18.224310,5.502745
1322,0.624361,0.320553,21.827480,1.998824
1323,-0.626208,-0.344573,2.966621,0.496250
1324,0.550358,0.330513,20.944344,1.716752
1325,-0.577460,-0.351128,3.445969,0.667530
1326,0.558849,0.225748,21.958569,2.202852
1327,-0.555983,-0.255712,3.127835,0.440716
1328,0.456568,0.600835,17.623238,-0.051529
1329,-0.424930,-0.639167,6.494478,2.660282
1330,0.440634,0.526059,17.976606,0.203208
1331,-0.420736,-0.567083,6.243095,2.369393
1332,-0.368829,-0.416298,6.083964,2.005724
1333,0.357012,0.397316,17.979845,0.352290
1334,-0.654247,0.497885,3.587212,-0.813673
1335,-0.491824,-0.646990,5.701996,2.247846
1336,0.524239,0.636191,18.170553,0.200442
1337,-0.617563,-0.804109,4.767169,2.092338
1338,0.602120,0.793899,17.955698,0.081793
1339,0.791950,-0.597698,21.140465,3.996603
1340,-0.788163,0.611796,2.232436,-0.655153
1341,-0.519855,0.552549,5.432558,-1.674143
1342,-0.451159,0.485671,6.185189,-1.751921
1343,0.512888,-0.549147,18.130348,5.118178
1344,0.409014,-0.494824,16.996788,5.415206
1345,0.166162,0.506442,14.551851,-1.633015
1346,-0.728628,-0.574315,2.699873,0.749523
1347,0.729755,0.559875,21.027479,1.600936
1348,-0.566569,0.718846,5.104189,-2.105181
1349,0.557312,-0.710910,17.981920,5.553400
1350,0.857826,0.511910,22.715950,2.391645
1351,-0.511595,0.855651,5.998219,-2.878664
1352,0.530277,-0.867881,17.172897,6.185857
1353,-0.395874,0.597128,7.114206,-2.517860
1354,0.420795,-0.602503,16.738749,5.786351
1355,-0.746469,-0.653008,2.696010,0.881910
1356,0.761247,0.636707,20.771183,1.533361
1357,-0.646020,0.765361,4.212032,-1.863824
1358,0.623048,-0.804114,18.326265,5.548863
1359,0.521223,0.298124,20.913832,1.765728
1360,-0.546319,-0.321112,3.585741,0.678637
1361,-0.373966,-0.519144,6.600551,2.469422
1362,0.373722,0.523259,17.150017,-0.212363
1363,-0.634151,0.542751,3.946926,-1.073554
1364,0.578046,0.634306,18.796640,0.520982
1365,0.645627,-0.573228,19.654196,4.592203
1366,-0.614170,-0.706046,4.434522,1.747869
1367,0.645620,0.752936,18.699907,0.484889
1368,0.746382,-0.642053,20.400675,4.374502
1369,-0.710961,0.635753,3.179683,-1.063784
1370,-0.446335,0.519237,6.334748,-1.930200
1371,0.563859,-0.552318,18.768440,4.883649
1372,0.438414,-0.556449,17.117676,5.526129
1373,-0.369510,0.640562,7.470766,-2.799378
1374,0.397941,-0.647630,16.336456,6.035830
1375,-0.544313,0.670505,5.305661,-2.032536
1376,0.551362,-0.649479,18.141823,5.356192
1377,-0.679518,-0.534972,3.120483,0.841808
1378,0.696582,0.527801,20.925158,1.537886
1379,0.662927,-0.416325,20.965305,3.843992
1380,-0.678536,0.408819,3.021504,-0.413334
1381,0.639916,0.390053,21.421246,1.790244
1382,-0.648213,-0.358713,2.824898,0.469479
1383,0.396726,0.421810,18.266781,0.472705
1384,-0.418679,-0.434089,5.601753,1.769542
1385,0.323575,0.494420,16.724915,-0.407130
1386,-0.324515,-0.515138,7.202962,2.814813
1387,-0.489951,-0.344355,4.268315,0.983534
1388,0.495136,0.333453,20.293211,1.486413
1389,-0.901580,0.650034,1.024384,-0.309491
1390,-0.652426,-0.901863,4.764718,2.276245
1391,0.642886,0.897360,17.698349,-0.002291
1392,0.896596,-0.642592,21.972506,3.599528
1393,-0.017397,-0.551961,11.339808,5.410357
1394,0.021470,0.550735,12.423272,-2.719982
1395,-0.827892,-0.599902,1.700176,0.427783
1396,0.801450,0.619837,21.314951,1.808710
1397,-0.625255,0.801928,4.525637,-2.099223
1398,0.596543,-0.813109,18.025000,5.711655
1399,-0.528764,-0.594096,5.046076,1.805946
1400,-0.527298,-0.355890,3.956913,0.869902
1401,0.527891,0.362639,20.401665,1.479049
1402,0.658754,0.288682,22.439360,2.203557
1403,-0.649501,-0.316407,2.645032,0.363174
1404,-0.706694,-0.692575,3.270086,1.196346
1405,-0.665993,0.724908,3.874729,-1.600337
1406,0.628387,-0.766440,18.535175,5.401965
1407,-0.317926,-0.570565,7.546946,3.126000
1408,0.339093,0.561653,16.445301,-0.632883
1409,-0.426255,-0.522070,5.967412,2.127262
1410,0.592587,-0.626351,18.738806,5.061378
1411,-0.600553,0.635867,4.548394,-1.606564
1412,-0.638116,-0.582154,3.727977,1.177382
1413,0.642518,0.568030,20.019976,1.126845
1414,-0.448988,-0.432005,5.234062,1.574800
1415,0.450410,0.405210,19.091610,0.881928
1416,0.600993,0.390189,20.989401,1.641279
1417,-0.585531,-0.423317,3.700292,0.872730
1418,-0.307053,0.652561,8.236030,-3.091483
1419,0.307691,-0.684461,15.235124,6.413475
1420,-0.532329,-0.535647,4.768246,1.549772
1421,0.517298,0.523775,18.920937,0.653356
1422,-0.524788,-0.391541,4.176465,1.013639
1423,0.562808,0.385293,20.602556,1.513407
1424,0.623841,-0.663949,18.916672,5.060239
1425,-0.645445,0.657232,4.019691,-1.457681
1426,0.568484,-0.590381,18.619556,5.031373
1427,-0.553590,0.617998,5.112781,-1.772909
1428,-0.674044,-0.657625,3.552352,1.251306
1429,0.665717,0.605748,19.986500,1.112037
1430,-0.633441,-0.534846,3.620672,1.040528
1431,0.645794,0.516190,20.461596,1.334341
1432,0.643805,0.426433,21.163786,1.668063
1433,-0.645276,-0.435122,3.143717,0.684323
1434,-0.479063,-0.529138,5.366487,1.827867
1435,0.479696,0.494525,18.699364,0.587589
1436,-0.533471,-0.434835,4.301535,1.141515
1437,0.549436,0.432471,20.044701,1.240757
1438,-0.488363,-0.436054,4.809168,1.374578
1439,0.481560,0.431216,19.245611,0.914071
1440,-0.534643,-0.483377,4.518429,1.329381
1441,0.530829,0.489673,19.352781,0.883331
1442,0.607703,-0.714485,18.524416,5.322615
1443,-0.627135,0.701127,4.326911,-1.722969
1444,-0.705498,-0.654335,3.175273,1.082331
1445,0.716741,0.609838,20.503847,1.373227
1446,0.687557,0.416748,21.717438,1.874653
1447,-0.646390,-0.389011,2.962518,0.554590
1448,-0.584385,-0.535410,4.171418,1.277690
1449,0.561571,0.532158,19.376137,0.849964
1450,-0.441724,0.595632,6.522627,-2.274558
1451,0.648115,-0.831087,18.478046,5.513126
1452,-0.659340,0.830506,4.197940,-2.031613
1453,-0.791164,-0.651004,2.191793,0.678381
1454,0.827326,0.654712,21.315306,1.862309
1455,0.624356,-0.602140,19.230949,4.814671
1456,-0.616784,0.590001,4.261279,-1.339962
1457,-0.598796,-0.639204,4.382664,1.585543
1458,0.626464,0.624350,19.415205,0.830881
1459,-0.839142,-0.646481,1.649866,0.472980
1460,0.851258,0.630463,21.740601,2.069520
1461,-0.633791,0.852819,4.543336,-2.237569
1462,0.613272,-0.851715,18.043600,5.747104
1463,0.430893,0.437872,18.561905,0.594226
1464,-0.432181,-0.471852,5.650828,1.860479
1465,-0.523434,-0.706057,5.546774,2.289085
1466,0.535247,0.717791,17.735313,-0.057142
1467,0.709017,-0.518900,20.727530,4.091311
1468,-0.700535,0.522715,3.106683,-0.731913
1469,-0.702813,0.750195,3.482795,-1.506590
1470,0.695525,-0.750983,19.310154,5.009998
1471,-0.704147,-0.732018,3.421541,1.340038
1472,0.736538,0.695081,20.077005,1.211824
1473,0.510119,0.461694,19.336700,0.912631
1474,-0.634587,-0.485995,3.437196,0.877552
1475,0.672366,0.496816,20.906622,1.532299
1476,-0.487688,0.670083,6.010231,-2.321590
1477,0.475329,-0.626082,17.327208,5.623509
1478,-0.585111,0.519839,4.507331,-1.200590
1479,0.630289,-0.523727,19.769855,4.450558
1480,-0.098603,-0.796570,10.947832,5.616150
1481,0.797365,-0.096300,24.656715,2.827023
1482,0.108532,0.806905,12.547050,-3.025983
1483,-0.784198,0.135019,1.264252,0.113160
1484,-0.270703,-0.294057,6.225765,2.137465
1485,0.268701,0.301545,17.847639,0.217178
1486,0.745383,-0.886952,19.202240,5.179806
1487,0.884222,0.747940,21.203497,1.962818
1488,-0.750941,0.886762,3.242085,-1.729665
1489,-0.895683,-0.746713,1.163288,0.410565
1490,-0.902401,0.748339,1.084041,-0.447396
1491,-0.750233,-0.902757,3.470021,1.709194
1492,0.896769,-0.749345,21.394495,3.939818
1493,0.749306,0.897931,18.793190,0.661187
1494,-0.701803,-0.857246,3.910572,1.812023
1495,0.729690,0.835171,19.015457,0.732397
1496,0.832060,-0.728852,20.841522,4.222113
1497,-0.852842,0.699033,1.610056,-0.598177
1498,0.847220,-0.894801,20.172583,4.659659
1499,0.894632,0.847985,20.605013,1.745359
1500,-0.851357,0.897165,1.981645,-1.140898
1501,-0.897307,-0.847909,1.296290,0.596857
1502,-0.901581,0.848725,1.206185,-0.631784
1503,-0.848163,-0.899149,2.112984,1.097939
1504,0.898332,-0.846833,20.920290,4.238706
1505,0.846801,0.898870,19.776495,1.282090
1506,-0.406831,0.667251,7.020849,-2.714722
1507,0.444798,-0.669634,16.828466,5.919368
1508,0.296839,0.536195,16.070591,-0.808802
1509,-0.277069,-0.513505,7.807320,3.175953
1510,-0.267754,-0.213092,5.294238,1.820061
1511,-0.233041,-0.469438,8.142867,3.327406
1512,0.220030,0.468398,15.539290,-1.054597
1513,-0.193564,-0.499248,8.832706,3.804371
1514,0.204809,0.503070,15.093468,-1.330959
1515,-0.212415,0.362077,9.381652,-2.762659
1516,0.209148,-0.367605,14.449466,5.923503
1517,0.493407,-0.186228,21.692028,3.227501
1518,-0.528585,0.164073,2.756346,0.000762
1519,-0.173038,-0.526297,9.212846,4.089879
1520,0.229331,0.536484,15.195140,-1.298486
1521,0.515120,-0.741723,17.409315,5.856337
1522,-0.476044,0.718812,6.207253,-2.564655
1523,-0.722311,-0.535609,2.669332,0.673541
1524,0.731179,0.479422,21.676943,1.856618
1525,-0.726210,0.706406,3.099090,-1.221636
1526,-0.703169,-0.772151,3.565472,1.482718
1527,0.245056,-0.420250,14.900220,5.969078
1528,-0.237830,0.403664,9.058080,-2.778064
1529,-0.450578,-0.895645,7.298993,3.518272
1530,0.903822,-0.448240,23.322252,2.999893
1531,0.448514,0.902303,15.634543,-1.250394
1532,-0.901777,0.452024,0.881001,-0.063021
1533,0.662961,-0.637470,19.498940,4.765707
1534,-0.664525,0.611985,3.713843,-1.202601
1535,-0.631812,-0.669063,4.091319,1.514113
1536,0.654142,0.673132,19.358624,0.812035
1537,0.751952,-0.835463,19.502203,4.984435
1538,0.832158,0.757682,20.608927,1.602147
1539,-0.761829,0.835868,2.903342,-1.453405
1540,-0.844652,-0.745944,1.743543,0.647337
1541,-0.855609,0.747815,1.593013,-0.671979
1542,0.859887,-0.757319,20.973055,4.162756
1543,-0.748809,-0.855645,3.272998,1.510904
1544,0.757256,0.862012,19.117332,0.820651
1545,0.258797,0.503629,15.806871,-0.926351
1546,-0.231210,-0.507690,8.366331,3.524227
1547,0.847676,-0.842996,20.423378,4.495408
1548,0.842927,0.849374,20.074869,1.404062
1549,-0.853997,0.847400,1.745345,-0.918809
1550,-0.845925,-0.848064,1.932464,0.898162
1551,-0.759629,0.732942,2.757775,-1.148270
1552,0.758494,-0.724450,20.103680,4.595579
1553,-0.744823,-0.776449,3.055861,1.266467
1554,0.728929,0.764534,19.498707,0.947335
1555,-0.749654,-0.736727,2.876198,1.109305
1556,-0.782442,0.756736,2.484268,-1.081989
1557,0.736588,-0.752454,19.727665,4.799113
1558,-0.744167,-0.812141,3.181057,1.394947
1559,-0.813435,0.749653,2.136617,-0.919706
1560,0.632729,-0.895832,18.058880,5.787750
1561,0.888072,0.637071,22.057617,2.282597
1562,-0.638887,0.889283,4.626529,-2.357344
1563,-0.889210,-0.641348,1.117303,0.288343
1564,0.718941,-0.790021,19.373514,5.013418
1565,-0.737959,0.773912,3.067871,-1.380860
1566,-0.795580,-0.695916,2.227152,0.764650
1567,0.766851,0.735206,20.102020,1.267840
1568,0.255940,0.237853,18.588358,0.409853
1569,0.798876,-0.837467,19.968540,4.743732
1570,0.837087,0.802912,20.338470,1.502238
1571,-0.807666,0.844027,2.389572,-1.238741
1572,-0.843675,-0.796631,1.874585,0.783191
1573,-0.856276,0.797947,1.688957,-0.802025
1574,0.851045,-0.793719,20.708809,4.326688
1575,-0.795756,-0.850350,2.644613,1.237763
1576,0.793639,0.853386,19.546352,1.076746
1577,0.752471,-0.788200,19.730549,4.835185
1578,-0.773483,0.790986,2.695875,-1.264565
1579,0.790683,0.766117,20.125172,1.320259
1580,-0.795127,-0.743265,2.345945,0.896030
1581,-0.949467,-0.949529,0.681667,0.428819
1582,0.218600,-0.317718,14.961867,5.859740
1583,-0.893679,-0.695160,1.116366,0.341830
1584,0.910996,0.486739,23.430874,2.743695
1585,-0.486226,0.910236,6.423622,-3.182621
1586,-0.136180,0.420185,10.670963,-2.980596
1587,0.340776,-0.409042,16.445343,5.502954
1588,-0.719873,0.819429,3.423847,-1.661441
1589,0.706261,-0.823937,19.095980,5.191332
1590,0.813921,0.715480,20.728340,1.611634
1591,0.572987,-0.862484,17.606236,5.978013
1592,0.837911,0.599413,21.842022,2.072357
1593,-0.602406,0.837446,4.904138,-2.360465
1594,-0.476488,0.032699,2.230863,0.015740
1595,-0.281287,0.388823,8.339985,-2.472791
1596,0.505904,-0.061592,22.960749,2.960851
1597,0.525465,-0.097696,22.853220,2.977588
1598,0.484534,-0.290842,20.021177,3.805212
1599,0.486367,-0.869600,16.740534,6.381061
1600,-0.781603,-0.609319,2.206168,0.621689
1601,0.781120,0.588468,21.345137,1.785533
1602,-0.593654,0.777085,4.875185,-2.183176
1603,-0.197447,0.469396,9.702138,-3.005381
1604,-0.300065,0.434462,8.199053,-2.501165
1605,0.464907,-0.172050,21.706764,3.248936
1606,0.527185,0.065096,22.871603,2.707258
1607,-0.083366,0.496696,11.240653,-3.016374
1608,-0.519836,-0.061541,2.330787,0.101690
1609,0.498791,-0.357734,19.380730,4.165205
1610,0.347003,0.238833,19.592424,1.202171
1611,0.346458,-0.514814,16.054535,5.819896
1612,0.113564,0.408436,14.533445,-1.644336
1613,0.149256,0.384072,15.271760,-1.240999
1614,0.704923,-0.690009,19.691172,4.751230
1615,0.689798,0.721915,19.390158,0.850923
1616,0.545663,-0.133038,22.651979,3.015928
1617,-0.465725,0.836163,6.484453,-3.029226
1618,-0.769022,-0.570896,2.263140,0.582362
1619,0.838595,0.467838,22.866341,2.386464
1620,0.483566,-0.826630,16.836761,6.262479
1621,0.486319,-0.208828,21.307102,3.330360
1622,0.442152,-0.823584,16.424330,6.417694
1623,0.824329,0.400844,23.240866,2.452479
1624,0.819168,0.360098,23.495260,2.506857
1625,-0.395013,0.824041,7.260929,-3.291779
1626,-0.352883,0.823287,7.730438,-3.448540
1627,0.765070,0.562592,21.378407,1.773721
1628,-0.567445,0.758239,5.150166,-2.244749
1629,-0.868141,-0.419713,1.069188,0.091933
1630,0.531175,-0.190009,21.921463,3.173461
1631,-0.235588,0.495488,9.176717,-2.949113
1632,0.525199,0.237171,21.519449,2.063185
1633,-0.875714,-0.333465,0.906276,0.020454
1634,-0.404013,0.456183,6.753418,-1.906136
1635,-0.493571,0.449436,5.473905,-1.331635
1636,0.766089,0.492026,21.942318,1.980418
1637,-0.490326,0.756748,6.089776,-2.635315
1638,-0.082326,0.557327,11.085996,-3.126968
1639,0.314315,0.287285,18.608381,0.680697
1640,0.593663,-0.318199,21.009842,3.595991
1641,0.506256,-0.423123,18.862705,4.512842
1642,-0.155156,0.602536,10.100995,-3.290502
1643,-0.215058,0.579600,9.395570,-3.178137
1644,0.609187,-0.061298,23.431793,2.879958
1645,0.593212,0.180744,22.634966,2.429476
1646,-0.394106,-0.818258,7.609312,3.606611
1647,0.263990,0.406154,16.664234,-0.386422
1648,-0.591514,-0.193535,2.542193,0.224930
1649,0.215838,0.426593,15.818774,-0.883199
1650,0.149279,-0.783507,13.536098,6.666978
1651,0.773807,0.137292,24.413717,2.707007
1652,-0.162400,0.752577,9.807399,-3.624089
1653,0.322755,0.317853,18.347031,0.559067
1654,0.511353,-0.217523,21.405067,3.307872
1655,0.476922,-0.448785,18.239996,4.795034
1656,-0.824227,-0.406249,1.421260,0.148931
1657,-0.126743,0.623846,10.403004,-3.323403
1658,0.446741,-0.778349,16.582306,6.261832
1659,0.406309,-0.768392,16.171864,6.380433
1660,0.625792,-0.109283,23.311424,2.931845
1661,0.594121,-0.149869,22.802702,3.013141
1662,-0.836778,-0.288804,1.129654,0.028719
1663,0.383523,0.311838,19.177837,1.013545
1664,0.439272,0.345968,19.508411,1.144631
1665,-0.561445,0.078610,2.139453,0.064070
1666,-0.317453,0.527849,8.089983,-2.683285
1667,-0.357617,0.533766,7.561328,-2.492840
1668,0.620699,-0.229783,22.273773,3.184726
1669,-0.761443,-0.502070,2.191444,0.461741
1670,-0.766966,-0.468174,2.060657,0.378642
1671,-0.754656,0.662463,2.709595,-0.955055
1672,-0.053259,0.584383,11.377397,-3.103191
1673,-0.075754,0.614736,11.025874,-3.227486
1674,-0.685076,-0.577439,3.185931,0.942313
1675,0.746852,0.213136,23.806633,2.577318
1676,0.776400,0.332351,23.279676,2.411689
1677,0.704507,0.294638,22.853563,2.302418
1678,-0.238093,0.775372,8.976303,-3.609882
1679,0.680202,-0.539748,20.260324,4.299940
1680,0.536896,0.685446,17.973282,0.079028
1681,0.135625,0.537966,13.961046,-1.979747
1682,0.109241,0.569616,13.465343,-2.267610
1683,0.499524,-0.480254,18.351212,4.849237
1684,0.594271,-0.366354,20.544632,3.828305
1685,-0.196698,0.622713,9.576427,-3.297628
1686,-0.149758,0.657839,10.078257,-3.400867
1687,-0.419836,0.484345,6.617495,-1.932845
1688,0.662506,-0.054270,23.767151,2.861339
1689,0.671007,0.548894,20.481546,1.341242
1690,-0.577971,-0.293581,3.153415,0.491366
1691,-0.400945,0.548533,7.000314,-2.309923
1692,0.653463,-0.547007,19.893715,4.448474
1693,0.719179,0.505172,21.344982,1.721572
1694,-0.509979,0.699816,5.776879,-2.323848
1695,0.782048,-0.487250,21.773237,3.670029
1696,-0.789423,-0.354594,1.609904,0.146291
1697,-0.795282,-0.317738,1.488201,0.098931
1698,-0.594286,-0.745604,4.824130,2.010450
1699,-0.630557,-0.762886,4.440464,1.864967
1700,-0.663599,-0.770643,4.055829,1.700881
1701,-0.121538,0.680540,10.363132,-3.437712
1702,-0.721877,-0.497299,2.574891,0.583375
1703,0.290365,-0.638598,15.095079,6.334838
1704,0.330721,-0.660380,15.535145,6.295299
1705,0.027768,0.608151,12.293024,-2.841735
1706,0.662647,0.086565,23.700537,2.701677
1707,0.686887,0.185808,23.427290,2.535525
1708,0.462073,-0.732961,16.849361,6.060478
1709,-0.246864,0.728066,8.904811,-3.466820
1710,-0.729188,-0.420794,2.295795,0.388632
1711,0.185225,-0.754979,13.894533,6.643731
1712,-0.046618,0.638639,11.314214,-3.202928
1713,-0.068521,0.671101,10.983581,-3.335320
1714,0.507238,0.398906,19.837845,1.206124
1715,0.673805,-0.258343,22.509285,3.207471
1716,0.476961,0.647331,17.545156,-0.131172
1717,0.165875,0.571425,14.179815,-1.894906
1718,0.140459,0.598104,13.722673,-2.166674
1719,0.113677,0.628997,13.260399,-2.438230
1720,-0.109246,0.732711,10.410094,-3.547539
1721,0.270084,-0.717014,14.792494,6.554449
1722,-0.239451,0.660782,9.033080,-3.308696
1723,-0.656060,-0.729591,4.002837,1.595118
1724,-0.648356,-0.630206,3.764260,1.286847
1725,0.689231,0.334265,22.391626,2.144238
1726,0.653684,0.324318,22.104973,2.072651
1727,0.701814,0.481876,21.346226,1.716194
1728,-0.468119,0.689931,6.282226,-2.498927
1729,-0.448529,-0.390515,4.995614,1.388880
1730,0.126638,-0.772917,13.295352,6.588688
1731,0.054298,-0.760392,12.520652,6.323988
1732,-0.555025,-0.379811,3.806960,0.847223
1733,-0.677198,-0.171476,1.913991,0.100014
1734,-0.700458,-0.202523,1.859264,0.100371
1735,-0.722016,-0.247941,1.849748,0.121613
1736,0.533056,-0.500005,18.676645,4.784465
1737,0.527249,-0.605545,18.048759,5.291497
1738,-0.577667,-0.685381,4.802746,1.879872
1739,-0.143048,0.714628,10.071081,-3.528099
1740,0.119738,-0.593765,13.101574,6.182015
1741,0.562661,0.580218,19.023535,0.654321
1742,-0.218211,-0.377285,7.705996,3.012986
1743,0.671199,0.358876,22.009480,2.011014
1744,0.641919,0.355711,21.723642,1.922993
1745,0.674767,0.037386,23.907084,2.768332
1746,-0.381772,-0.737690,7.420687,3.378626
1747,-0.106908,-0.440664,9.671515,4.303918
1748,-0.787007,-0.263790,1.432111,0.059558
1749,-0.319110,0.750396,8.077587,-3.335751
1750,-0.297556,0.732357,8.329726,-3.349053
1751,0.628914,0.538020,20.101309,1.172696
1752,-0.688622,-0.420762,2.673067,0.503469
1753,-0.685860,-0.454317,2.811721,0.600451
1754,-0.554889,-0.634364,4.890093,1.816793
1755,0.612824,-0.545363,19.415731,4.627152
1756,0.234343,-0.668326,14.430008,6.468019
1757,-0.461637,0.644824,6.320676,-2.362749
1758,-0.428493,0.628106,6.719030,-2.465004
1759,0.653853,0.463525,20.973804,1.571633
1760,0.572604,0.354003,20.982368,1.690939
1761,-0.714067,-0.066762,1.495254,0.052807
1762,0.385209,0.360225,18.695198,0.745146
1763,-0.735697,0.129946,1.519172,0.116208
1764,-0.038388,0.694204,11.273965,-3.311511
1765,-0.494149,0.601867,5.847181,-2.017695
1766,-0.770420,0.174407,1.418360,0.112942
1767,0.434107,0.660425,16.957912,-0.453855
1768,-0.600541,-0.323764,3.104424,0.513119
1769,0.108983,-0.727470,13.069410,6.431827
1770,0.105344,-0.636640,12.973951,6.222964
1771,-0.388947,-0.441264,6.004134,1.995899
1772,0.143595,0.652218,13.521461,-2.336998
1773,0.122330,0.684035,13.147295,-2.566374
1774,0.600533,0.533843,19.811790,1.044614
1775,-0.454472,-0.615833,6.035660,2.361238
1776,0.024837,0.726765,11.893994,-3.177821
1777,0.061948,0.707529,12.370556,-2.958528
1778,0.720502,0.051038,24.229580,2.760625
1779,0.086914,-0.676714,12.784676,6.244734
1780,-0.508866,0.649211,5.725984,-2.133655
1781,0.600473,0.433509,20.623468,1.459850
1782,0.563989,0.484875,19.780457,1.069422
1783,-0.169053,-0.620824,9.627343,4.512349
1784,0.390471,0.635434,16.600147,-0.627227
1785,-0.663311,0.347171,2.919872,-0.249621
1786,-0.416925,-0.606620,6.459591,2.573179
1787,-0.218589,-0.548963,8.730807,3.815586
1788,0.427558,0.566545,17.507507,-0.079502
1789,0.350945,0.664708,15.945026,-1.016022
1790,0.167489,0.670997,13.726786,-2.254388
1791,0.425456,0.473851,18.192064,0.372014
1792,-0.732522,0.450434,2.576035,-0.400225
